Feature ID	Taxon	Confidence
c6c3ab4e828fb40d6e05967b7aac9338	d__Bacteria;p__Bacillota;c__Clostridia;o__Lachnospirales;f__Lachnospiraceae;g__Blautia;s__	0.9823565980057026
d46e2205f0c6ecf67b51f83d111c509c	d__Bacteria;p__Pseudomonadota;c__Gammaproteobacteria;o__Enterobacterales;f__Enterobacteriaceae;g__Escherichia-Shigella;s__	0.9423855282191751
7b28c20e72c6c95b3e604f0849245770	d__Bacteria;p__Verrucomicrobiota;c__Verrucomicrobiia;o__Verrucomicrobiales;f__Akkermansiaceae;g__Akkermansia;s__	1.0
945184b6386c192c0066e0a98a154780	d__Bacteria;p__Pseudomonadota;c__Gammaproteobacteria;o__Enterobacterales;f__Enterobacteriaceae	0.8268438927457744
c939ee112ba982665e012437dae05c1e	d__Bacteria;p__Pseudomonadota;c__Gammaproteobacteria;o__Enterobacterales;f__Enterobacteriaceae	0.7754495458515875
99deb3c5ecb022ec05609ebd1112a557	d__Bacteria;p__Bacteroidota;c__Bacteroidia;o__Bacteroidales;f__Bacteroidaceae;g__Bacteroides;s__	0.9999999995779092
fd44d4cb468fd7dc9b3227867714ed87	d__Bacteria;p__Bacteroidota;c__Bacteroidia;o__Bacteroidales;f__Bacteroidaceae;g__Bacteroides;s__	0.9999999992937205
0a68ec564e278b0246c920ad7de41880	d__Bacteria;p__Bacillota;c__Clostridia;o__Lachnospirales;f__Lachnospiraceae;g__Blautia;s__	0.824085695835121
07b148ebe6cc2c05b1faa8d187c51114	d__Bacteria;p__Verrucomicrobiota;c__Verrucomicrobiia;o__Verrucomicrobiales;f__Akkermansiaceae;g__Akkermansia;s__	0.9999999999999574
333bbf9224442fc10cd497377d2b1d01	d__Bacteria;p__Bacteroidota;c__Bacteroidia;o__Bacteroidales;f__Bacteroidaceae;g__Bacteroides;s__	0.9999999847471345
bed671b4676144142cebd192b690f499	d__Bacteria;p__Bacillota;c__Clostridia;o__Lachnospirales;f__Lachnospiraceae;g__Blautia;s__	0.8212315887010493
fd496fd32dc8c08ade2e8b6c9d8ee13d	d__Bacteria;p__Bacillota;c__Bacilli;o__Lactobacillales;f__Streptococcaceae;g__Streptococcus;s__	0.9999933174332686
00a96fbd0ac34bfd245f9c24f8737f7d	d__Bacteria;p__Bacillota;c__Clostridia;o__Lachnospirales;f__Lachnospiraceae	0.9999997047276064
33518e48b174ac428cb7be1a216c6c6e	d__Bacteria;p__Bacillota;c__Clostridia;o__Lachnospirales;f__Lachnospiraceae;g__Anaerostipes;s__	0.9999989573947977
2e4f2b53b856c4def6d021d01f5abb70	d__Bacteria;p__Bacillota;c__Clostridia;o__Lachnospirales;f__Lachnospiraceae;g__Dorea;s__	0.968209059358731
2c982937754e6321f861027032db80f7	d__Bacteria;p__Bacteroidota;c__Bacteroidia;o__Bacteroidales;f__Bacteroidaceae;g__Bacteroides;s__	0.9999999993627711
315ca0a729f126b941ba111a16d4d97a	d__Bacteria;p__Actinomycetota;c__Actinobacteria;o__Bifidobacteriales;f__Bifidobacteriaceae;g__Bifidobacterium;s__	0.9999551819399741
b15193fce14759d1c06728933e044af6	d__Bacteria;p__Bacteroidota;c__Bacteroidia;o__Bacteroidales;f__Bacteroidaceae;g__Bacteroides;s__	0.9999999677892509
d76d59ec71de0e3b22da0c9cd564d41a	d__Bacteria;p__Bacillota;c__Clostridia;o__Lachnospirales;f__Lachnospiraceae;g__Fusicatenibacter;s__	0.9997223128643413
35ffcc3b809d667286737d79670b8de5	d__Bacteria;p__Actinomycetota;c__Actinobacteria;o__Bifidobacteriales;f__Bifidobacteriaceae;g__Bifidobacterium;s__	0.9999962793504844
263e41ea2c25dc87bd2ff5910cf30d40	d__Bacteria;p__Bacillota;c__Clostridia;o__Lachnospirales;f__Lachnospiraceae;g__Agathobacter;s__	0.9027552842877153
e335f74033bc634af43ee6baa84fa247	d__Bacteria;p__Bacillota;c__Clostridia;o__Peptostreptococcales-Tissierellales;f__Peptostreptococcaceae;g__Romboutsia;s__	0.9960932178212412
5a6c87d6a4eb5e114959f6192f29b641	d__Bacteria;p__Actinomycetota;c__Actinobacteria;o__Bifidobacteriales;f__Bifidobacteriaceae;g__Bifidobacterium;s__	0.9999992704171167
d817c1c9b1a55b6af451568e6e5fa39e	d__Bacteria;p__Pseudomonadota;c__Gammaproteobacteria;o__Enterobacterales;f__Enterobacteriaceae	0.7782032599193854
95fdd816723ca482a5caba10bea171c8	d__Bacteria;p__Bacillota;c__Bacilli;o__Lactobacillales;f__Lactobacillaceae;g__Ligilactobacillus;s__	0.9993324748082922
4d72007c70f4abc0bf9e8fe8b826d07d	d__Bacteria;p__Pseudomonadota;c__Gammaproteobacteria;o__Enterobacterales;f__Enterobacteriaceae	0.845663206740613
45d4fe3f6c01f77c2dfc11dd91d3359a	d__Bacteria;p__Bacillota;c__Bacilli;o__Lactobacillales;f__Lactobacillaceae;g__Ligilactobacillus;s__	0.9896805437569813
8135beec331a8d558070c38b580e4b8e	d__Bacteria;p__Bacillota;c__Clostridia;o__Oscillospirales;f__Ruminococcaceae;g__CAG-352;s__	0.7161433918118617
aac0099991c8518a5268b1a19a84550b	d__Bacteria;p__Bacillota;c__Clostridia;o__Lachnospirales;f__Lachnospiraceae;g__Anaerobutyricum;s__	0.9999994773721654
9908fffab7ed4f3bec44cda2f5084d49	d__Bacteria;p__Bacillota;c__Bacilli;o__Lactobacillales;f__Enterococcaceae	0.7023136134289775
f5f5e0da89730462abaf6301a9557193	d__Bacteria;p__Bacillota;c__Clostridia;o__Oscillospirales;f__Ruminococcaceae;g__Faecalibacterium;s__	0.9998988248212469
c48070f3061b086b60ff32f77e0002fa	d__Bacteria;p__Bacillota;c__Clostridia;o__Oscillospirales;f__Ruminococcaceae;g__Gemmiger;s__	0.947391399601248
6851a4ee264b56be2fff4686ce269907	d__Bacteria;p__Bacillota;c__Clostridia;o__Lachnospirales;f__Lachnospiraceae;g__Anaerobutyricum;s__	0.9999994563002502
9acb555d3c5dd77e9035a661e7ad1bb6	d__Bacteria;p__Bacillota;c__Clostridia;o__Clostridiales;f__Clostridiaceae;g__Clostridium;s__	0.9904493674012474
09e996f449e880d1fd8f27d59e8d8b11	d__Bacteria;p__Bacillota;c__Bacilli;o__Lactobacillales;f__Lactobacillaceae;g__Lacticaseibacillus;s__	0.9828581609399484
59777186ad2e0947e97615b5d6225136	d__Bacteria;p__Bacillota;c__Clostridia;o__Oscillospirales;f__Ruminococcaceae;g__Faecalibacterium;s__	0.999672668696106
923f521b9cf313f1f95c9367e09bbc1c	d__Bacteria;p__Bacillota;c__Negativicutes;o__Veillonellales-Selenomonadales;f__Veillonellaceae;g__Veillonella;s__	0.9999999967108266
394eda29c886632f514dd94b58381186	d__Bacteria;p__Pseudomonadota;c__Gammaproteobacteria;o__Enterobacterales;f__Pasteurellaceae;g__Haemophilus;s__	0.752909026229775
e865f29a716e8d51f83931befa951240	d__Bacteria;p__Bacillota;c__Bacilli;o__Erysipelotrichales;f__Erysipelatoclostridiaceae;g__Erysipelotrichaceae_UCG-003;s__	0.9999961016273845
bf611493002f5918a68778bde2def567	d__Bacteria;p__Bacteroidota;c__Bacteroidia;o__Bacteroidales;f__Bacteroidaceae;g__Bacteroides;s__	0.9999999980105372
1b8dec58597978264025b9eba656ffb5	d__Bacteria;p__Bacteroidota;c__Bacteroidia;o__Bacteroidales;f__Bacteroidaceae;g__Bacteroides;s__	0.999999997442373
0df6c802966e8670279671824da4f10a	d__Bacteria;p__Bacillota;c__Bacilli;o__Lactobacillales;f__Lactobacillaceae	0.9999999998331741
d11290f5a8d806b455f66a2c7ca1cad1	d__Bacteria;p__Bacillota;c__Clostridia;o__Oscillospirales;f__Ruminococcaceae	0.9986853786656541
6420671c26eef32065e0275c8cd6701e	d__Bacteria;p__Bacillota;c__Clostridia;o__Peptostreptococcales-Tissierellales;f__Peptostreptococcaceae;g__Intestinibacter;s__	0.9912028708743883
bd5ef8f372e09bcf6ec35825be4f053c	d__Bacteria;p__Bacillota;c__Clostridia;o__Lachnospirales;f__Lachnospiraceae;g__Coprococcus;s__	0.9707019625635369
3b010dbd9eae72a79f11af5d24eb3ca3	d__Bacteria;p__Verrucomicrobiota;c__Verrucomicrobiia;o__Verrucomicrobiales;f__Akkermansiaceae;g__Akkermansia;s__	0.9999999999998437
410e1eaa1468a3d40595898f671ba0b3	d__Bacteria;p__Bacillota;c__Clostridia;o__Oscillospirales;f__[Eubacterium]_coprostanoligenes_group;g__Incertae_Sedis;s__	0.9999807238008982
c24e0e391aa836b5eae25567c7eb89ee	d__Bacteria;p__Bacillota;c__Clostridia;o__Lachnospirales;f__Lachnospiraceae;g__[Ruminococcus]_gnavus_group;s__	0.9994234535876162
08bd43071a06abf56df235fca6655bea	d__Bacteria;p__Bacillota;c__Clostridia;o__Lachnospirales;f__Lachnospiraceae;g__Mediterraneibacter;s__	0.996449790819643
a63f65ad0f7a1ffc9e5ea828e95cdd6b	d__Bacteria;p__Bacillota;c__Clostridia;o__Lachnospirales;f__Lachnospiraceae	0.9999988290770025
836cd5ea357ad392c00a7e48d921be1d	d__Bacteria;p__Bacteroidota;c__Bacteroidia;o__Bacteroidales;f__Bacteroidaceae;g__Bacteroides;s__	0.9999999998819646
69a11f927915e2a3ba1f7b9c84486527	d__Bacteria;p__Pseudomonadota;c__Gammaproteobacteria;o__Burkholderiales;f__Sutterellaceae;g__Parasutterella;s__	0.9999738841545348
b4d07c2a22af0c99c73cf9722200d878	d__Bacteria;p__Bacillota;c__Clostridia;o__Lachnospirales;f__Lachnospiraceae	0.9999992279184423
9d88acce7b2f13b58bf95d2f17ec8c2f	d__Bacteria;p__Bacteroidota;c__Bacteroidia;o__Bacteroidales;f__Bacteroidaceae;g__Bacteroides;s__	0.9999963888853189
d49783e7800974b5f2bcce554e26072e	d__Bacteria;p__Bacillota;c__Clostridia;o__Lachnospirales;f__Lachnospiraceae;g__Blautia;s__	0.8428862714185422
61535a40adb8221483821e3984d0b1ac	d__Bacteria;p__Bacillota;c__Clostridia;o__Lachnospirales;f__Lachnospiraceae;g__[Ruminococcus]_gauvreauii_group;s__	0.9623595289168021
1a9df3fbbc7fc8cecec4239cf801d2fc	d__Bacteria;p__Bacillota;c__Clostridia;o__Monoglobales;f__Monoglobaceae;g__Monoglobus;s__	0.9999975833341848
d380b9ae91e3875a70ff329e4889cb72	d__Bacteria;p__Bacillota;c__Clostridia;o__Lachnospirales;f__Lachnospiraceae;g__Anaerostipes;s__	0.9999980598235175
76b39e86c95e0c7dd8b9c57b974f6532	d__Bacteria;p__Bacteroidota;c__Bacteroidia;o__Bacteroidales;f__Bacteroidaceae;g__Bacteroides;s__	0.999999998865448
35cbb315e019e0a8768d4b73862df415	d__Bacteria;p__Actinomycetota;c__Coriobacteriia;o__Coriobacteriales;f__Coriobacteriaceae;g__Collinsella;s__	0.999999998936218
f4cc6e4932f507b33d1335d801f54563	d__Bacteria;p__Bacillota;c__Clostridia;o__Lachnospirales;f__Lachnospiraceae;g__Dorea;s__	0.9453987912732128
8e175abe6a746b8f33bae9cd7c8192bb	d__Bacteria;p__Bacillota;c__Clostridia;o__Oscillospirales;f__Ruminococcaceae;g__Faecalibacterium;s__	0.999833773963722
44396f15b10f6577d61a11c6047c939f	d__Archaea;p__Methanobacteriota;c__Methanobacteria;o__Methanobacteriales;f__Methanobacteriaceae;g__Methanobrevibacter;s__	0.9999999849685538
a248d70e41d75f4773ef7c94e831a21a	d__Bacteria;p__Bacillota;c__Clostridia;o__Lachnospirales;f__Lachnospiraceae;g__Faecalimonas;s__	0.9426669746191492
d5135e3e52ad09c3e39312bf9236b4b7	d__Bacteria;p__Fusobacteriota;c__Fusobacteriia;o__Fusobacteriales;f__Fusobacteriaceae;g__Cetobacterium;s__	0.9999996590182305
f479c23321346918723839e33a3544f4	d__Bacteria;p__Bacillota;c__Clostridia;o__Oscillospirales;f__Ruminococcaceae;g__Ruthenibacterium;s__	0.9999579741043267
27a7197b6f932b622896bc3dc90f3200	d__Bacteria;p__Bacillota;c__Clostridia;o__Lachnospirales;f__Lachnospiraceae;g__[Ruminococcus]_gauvreauii_group;s__	0.9741897996244802
9639a3291729a3758207b47715d9205f	d__Bacteria;p__Bacillota;c__Clostridia;o__Oscillospirales;f__Ruminococcaceae;g__Gemmiger;s__	0.7411930114512771
3b94c19ef326eea0918e1c3d244c999c	d__Bacteria;p__Pseudomonadota;c__Gammaproteobacteria;o__Enterobacterales	0.9999999988562766
6bbff26a22040581ff0e24f9b5b40830	d__Bacteria;p__Bacillota;c__Negativicutes;o__Acidaminococcales;f__Acidaminococcaceae;g__Acidaminococcus;s__	0.9989319320770919
bd2ad00d586fbb853586dae6812f7b24	d__Bacteria;p__Bacillota;c__Bacilli;o__Lactobacillales;f__Lactobacillaceae;g__Pediococcus;s__	0.9997580125305153
c81d2bd60b0b2a355bc6e63534ecc66c	d__Bacteria;p__Bacillota;c__Clostridia;o__Lachnospirales;f__Lachnospiraceae	0.9999985390618255
9e3226efaf559eb14a478f880462cb8a	d__Bacteria;p__Bacillota;c__Clostridia;o__Lachnospirales;f__Lachnospiraceae;g__Mediterraneibacter;s__	0.9833362068543061
2740cf2417c92847cc298cbd71dd1fcd	d__Bacteria;p__Bacillota;c__Negativicutes;o__Veillonellales-Selenomonadales;f__Veillonellaceae;g__Veillonella;s__	0.9999999984949994
9d5054752ed33d6a22bd0f96b5618b1c	d__Bacteria;p__Bacteroidota;c__Bacteroidia;o__Bacteroidales;f__Bacteroidaceae;g__Bacteroides;s__	0.9999998713074033
ec6732c2e0d4cf64b3d0350e7fe3defb	d__Bacteria;p__Bacillota;c__Clostridia;o__Lachnospirales;f__Lachnospiraceae;g__Roseburia;s__	0.8999628653491453
8df399e29acb5a583f449a82db4e17c9	d__Bacteria;p__Bacillota;c__Bacilli;o__Lactobacillales;f__Lactobacillaceae;g__Lactiplantibacillus;s__	0.913393608450679
6d7f932303cb8ce3b13ec6d15b25682e	d__Bacteria;p__Bacillota;c__Negativicutes;o__Veillonellales-Selenomonadales;f__Veillonellaceae;g__Megasphaera;s__	0.999999981862402
1569f7ae988e26c905ab8fab427c8a0d	d__Bacteria;p__Bacillota;c__Negativicutes;o__Acidaminococcales;f__Acidaminococcaceae;g__Phascolarctobacterium;s__	0.9999996575813714
9db6065dfa5f306778c1a370f3267d73	d__Bacteria;p__Bacteroidota;c__Bacteroidia;o__Bacteroidales;f__Bacteroidaceae;g__Bacteroides;s__	0.9999998665683538
332a6411ff00b4010ac2397f504c4695	d__Bacteria;p__Bacteroidota;c__Bacteroidia;o__Bacteroidales;f__Rikenellaceae;g__Alistipes;s__	0.9999999999985789
f4e78e2e397dc8bd3ca2f87c245a8773	d__Bacteria;p__Fusobacteriota;c__Fusobacteriia;o__Fusobacteriales;f__Fusobacteriaceae;g__Fusobacterium;s__	0.9999999999900098
ab4040fe8717efa3f115680ae82cd72a	d__Bacteria;p__Bacillota;c__Clostridia;o__Lachnospirales;f__Lachnospiraceae;g__Roseburia;s__	0.8099699901726005
c66ec67719e54d2cb0afc3154b3c23af	d__Bacteria;p__Bacillota;c__Clostridia;o__Christensenellales;f__Christensenellaceae;g__Christensenellaceae_R-7_group;s__	0.9988256954314589
b1f0b65b560701f74c4f43db4234d6c9	d__Bacteria;p__Bacillota;c__Clostridia;o__Oscillospirales;f__[Eubacterium]_coprostanoligenes_group;g__Incertae_Sedis;s__	0.9999907839652652
2ef1e51ab1cf99a3c6417b05a060830e	d__Bacteria;p__Bacillota;c__Bacilli;o__Lactobacillales;f__Lactobacillaceae	0.9999999999997831
29daaf94c6c9c41e5044aa321d18a306	d__Bacteria;p__Bacillota;c__Bacilli;o__Lactobacillales;f__Lactobacillaceae;g__Lacticaseibacillus;s__	0.9942449820484646
df16a09f3e448ddd3b1ec54066d3081d	d__Bacteria;p__Bacillota;c__Clostridia;o__Oscillospirales;f__Butyricicoccaceae;g__Agathobaculum;s__	0.9999660763794724
8be9dac75adfd36649c004c8b72de91d	d__Bacteria;p__Bacteroidota;c__Bacteroidia;o__Bacteroidales;f__Bacteroidaceae;g__Bacteroides;s__	0.9999999927108831
27f098662c8f87b4aaff903d9c0f28d3	d__Bacteria;p__Thermodesulfobacteriota;c__Desulfovibrionia;o__Desulfovibrionales;f__Desulfovibrionaceae;g__Bilophila;s__	0.9999998847085219
818434292143daca42a3168f3728da82	d__Bacteria;p__Bacillota;c__Negativicutes;o__Veillonellales-Selenomonadales;f__Veillonellaceae;g__Dialister;s__	0.9999962928320875
26c6e3ed14694582e207478c1f23c21f	d__Bacteria;p__Bacillota;c__Bacilli;o__Erysipelotrichales;f__Erysipelotrichaceae;g__Turicibacter;s__	0.9999999517501987
a663a01aeb4dbb88bbe0a9840e8f64dc	d__Bacteria;p__Bacillota;c__Bacilli;o__Erysipelotrichales;f__Erysipelatoclostridiaceae;g__Thomasclavelia;s__	0.9999994974117198
eafd20ce1f25fbd8c737f0086f81c11b	d__Bacteria;p__Bacillota;c__Negativicutes;o__Veillonellales-Selenomonadales;f__Veillonellaceae;g__Veillonella;s__	0.9941681605611692
c83c84c8f82639c3bcb16c5630f257b2	d__Bacteria;p__Bacillota;c__Negativicutes;o__Veillonellales-Selenomonadales;f__Veillonellaceae;g__Dialister;s__	0.9714146719737539
432c814024bdfd89d3273986167eefb9	d__Bacteria;p__Bacillota;c__Clostridia;o__Lachnospirales;f__Lachnospiraceae	0.999999528447236
8538d07b8c1e8676f9b9c8c242aab14a	d__Bacteria;p__Bacillota;c__Clostridia;o__Oscillospirales;f__[Eubacterium]_coprostanoligenes_group;g__Incertae_Sedis;s__	0.9999370909242886
596db8ce20ae5cbfdc338a62f1bed1d9	d__Bacteria;p__Bacillota;c__Clostridia;o__Oscillospirales;f__Ruminococcaceae;g__Acutalibacter;s__	0.9988896117513082
173c825a18291f2ba18b5e46d9db8408	d__Bacteria;p__Bacteroidota;c__Bacteroidia;o__Bacteroidales;f__Tannerellaceae;g__Parabacteroides;s__	0.9999999986204955
6616dc3bd6aeb3e26b9b2218290ea574	d__Bacteria;p__Bacteroidota;c__Bacteroidia;o__Bacteroidales;f__Bacteroidaceae;g__Bacteroides;s__	0.9999999984032826
e4ef1c7b616eb842c0ff7a327e83bd76	d__Bacteria;p__Bacteroidota;c__Bacteroidia;o__Bacteroidales;f__Tannerellaceae;g__Incertae_Sedis;s__	0.750656399003752
cd9401a6bce4a63af516d06d2a843f9d	d__Bacteria;p__Bacillota;c__Negativicutes;o__Veillonellales-Selenomonadales;f__Veillonellaceae;g__Veillonella;s__	0.9999999982447605
a443e786f67086749ef29ce0ab494c9e	d__Bacteria;p__Bacillota;c__Bacilli;o__Lactobacillales	0.9999906694380737
48045a6c47b911507a450df5e0ef582a	d__Bacteria;p__Bacillota;c__Bacilli;o__Lactobacillales;f__Lactobacillaceae;g__Lapidilactobacillus;s__	0.9896626802506467
edc9e5c16e40aff1eadce6597940f08f	d__Bacteria;p__Bacillota;c__Bacilli;o__Lactobacillales;f__Streptococcaceae;g__Streptococcus;s__	0.9998459824401149
9192b3275c36e56540678451adfa601f	d__Bacteria;p__Bacillota;c__Clostridia;o__Oscillospirales;f__Oscillospiraceae;g__UCG-002;s__	0.9997533304213879
d9eea834805833ac21a86fdabedd8556	d__Bacteria;p__Bacillota;c__Clostridia;o__Oscillospirales;f__Ruminococcaceae;g__Ruminococcus;s__	0.9970128387374385
9fec7bdd6bd88e710bd69b15692e54a0	d__Bacteria;p__Bacillota;c__Bacilli;o__Lactobacillales;f__Streptococcaceae;g__Streptococcus;s__	0.9999647047700944
d622c6bc1d5e3a4f0403d7d208981372	d__Bacteria;p__Bacillota;c__Clostridia;o__Lachnospirales;f__Lachnospiraceae	0.9999982816730031
149465e40c1bdbc6230588a58a4d6eb0	d__Bacteria;p__Bacillota;c__Clostridia;o__Oscillospirales;f__Ruminococcaceae;g__Acutalibacter;s__	0.9912544911729358
8d5153b41e59c5ffb5a1fc080eb784cf	d__Bacteria;p__Bacillota;c__Clostridia;o__Oscillospirales;f__Oscillospiraceae	0.9997363317672409
c67445ed68d61f49e41b7bdd1de019fb	d__Bacteria;p__Bacillota;c__Clostridia;o__Lachnospirales;f__Lachnospiraceae;g__Enterocloster;s__	0.9892633204548105
3265d4af36c9111eeab8366f034a548b	d__Bacteria;p__Fusobacteriota;c__Fusobacteriia;o__Fusobacteriales;f__Fusobacteriaceae;g__Fusobacterium;s__	0.9999845785149789
243a590b7a6c17e5a16dff4bc7033ac1	d__Bacteria;p__Bacteroidota;c__Bacteroidia;o__Bacteroidales;f__Bacteroidaceae;g__Bacteroides;s__	0.9999993395344311
40874d61006874f7c87d904707d320d9	d__Bacteria;p__Bacillota;c__Clostridia;o__Clostridiales;f__Clostridiaceae;g__Clostridium;s__	0.9693241931935913
5c4563e3dd7e12dcdf279783af929eaa	d__Bacteria;p__Bacillota;c__Clostridia;o__Lachnospirales;f__Lachnospiraceae;g__Agathobacter;s__	0.8115418604743155
87c18e8ee3789954404f2c1a35079a09	d__Bacteria;p__Bacillota;c__Clostridia;o__Lachnospirales;f__Lachnospiraceae;g__Anaerobutyricum;s__	0.9999994916786945
68d79c3035521e82b504b081a197d2ed	d__Bacteria;p__Bacillota;c__Clostridia;o__Oscillospirales;f__Oscillospiraceae;g__UCG-002;s__	0.9981786913345205
dd918c333e5c4fef9c92068fddda1c3e	d__Bacteria;p__Bacillota;c__Clostridia;o__Clostridiales;f__Clostridiaceae;g__Clostridium;s__	0.9739920154451104
8795c5a86013864dc11f24b89e8cdd8c	d__Bacteria;p__Bacteroidota;c__Bacteroidia;o__Bacteroidales;f__Rikenellaceae;g__Alistipes;s__	0.9999999999852633
d71feb1923fa288790187009e8efa6d3	d__Bacteria;p__Bacillota;c__Clostridia;o__Lachnospirales;f__Lachnospiraceae	0.9999990556910351
e2cfe099d4a73a03ac5f80d4f8369dbc	d__Bacteria;p__Bacillota;c__Clostridia;o__Oscillospirales;f__Oscillospiraceae;g__NK4A214_group;s__	0.9984368713455155
65990c74559e4adfaa672a884ad7d464	d__Bacteria;p__Bacillota;c__Clostridia;o__Lachnospirales;f__Lachnospiraceae;g__Coprococcus;s__	0.9973688346176698
e0a1b9138d7feb9cc23adcec2e672250	d__Bacteria;p__Bacteroidota;c__Bacteroidia;o__Bacteroidales;f__Bacteroidaceae;g__Bacteroides;s__	0.9999992862901468
0190302afde8b64d231ef9931ad36b25	d__Bacteria;p__Bacteroidota;c__Bacteroidia;o__Bacteroidales;f__Bacteroidaceae;g__Bacteroides;s__	0.9999999797649226
2b89ce136d3773b8a3b5650166760ae4	d__Bacteria;p__Bacillota;c__Bacilli;o__Lactobacillales;f__Lactobacillaceae;g__Lacticaseibacillus;s__	0.9785697552130416
c24f4c30a6a4e2b91af0b54847f2f82c	d__Bacteria;p__Bacillota;c__Clostridia;o__Lachnospirales;f__Lachnospiraceae	0.9999988545950229
883b586b675d89530ca639b5062b6fe0	d__Bacteria;p__Bacillota;c__Clostridia;o__Lachnospirales;f__Lachnospiraceae;g__Blautia;s__	0.9847211760979429
77c2dc197e6b3dbebc4ee240c6a1c559	d__Bacteria;p__Bacillota;c__Clostridia;o__Oscillospirales;f__Oscillospiraceae;g__Oscillibacter;s__	0.9999348951363128
fc00ed40b15cd5fa384b672502a3adc3	d__Bacteria;p__Bacillota;c__Clostridia;o__Lachnospirales;f__Lachnospiraceae	0.9999951146859257
8d0960075b9fc8ec7a5ca93e13c36da4	d__Bacteria;p__Bacteroidota;c__Bacteroidia;o__Bacteroidales;f__Muribaculaceae;g__Incertae_Sedis;s__	0.9999589835152437
c1df75b5732336ae58bbcf0736be0636	d__Bacteria;p__Bacillota;c__Clostridia;o__Lachnospirales;f__Lachnospiraceae;g__Blautia;s__	0.9774518285631343
5149bdbf03de13bb38557d48d5141b87	d__Bacteria;p__Bacillota;c__Clostridia;o__Lachnospirales;f__Lachnospiraceae	0.9999995846528773
8d703908c09c7cb0da2a4398dd74f9f8	d__Bacteria;p__Bacillota;c__Clostridia;o__Peptostreptococcales-Tissierellales;f__Peptostreptococcaceae;g__Terrisporobacter;s__	0.9990945772610986
d114fb4c335125128be28401522dd41a	d__Bacteria;p__Bacillota;c__Bacilli;o__Lactobacillales;f__Streptococcaceae;g__Lactococcus;s__	0.9999990870212845
742e1f191223f58590661de80b9d6e3b	d__Bacteria;p__Bacteroidota;c__Bacteroidia;o__Bacteroidales;f__Rikenellaceae;g__Alistipes;s__	0.9999999999940172
fcffedae608fe4871be42936a1cb523a	d__Bacteria;p__Bacillota;c__Clostridia;o__Lachnospirales;f__Lachnospiraceae	0.9999994272846566
e502ebea2a54a6f839d310d6d57e7d47	d__Bacteria;p__Fusobacteriota;c__Fusobacteriia;o__Fusobacteriales;f__Fusobacteriaceae;g__Fusobacterium;s__	0.9999999999977263
5fbc483f79cd97d3a7253931f37c33e8	d__Bacteria;p__Bacillota;c__Clostridia;o__Oscillospirales;f__Oscillospiraceae;g__Flavonifractor;s__	0.9998032649981188
0903cff89814ec3108093aba58db17ae	d__Bacteria;p__Bacillota;c__Negativicutes;o__Veillonellales-Selenomonadales;f__Veillonellaceae;g__Anaeroglobus;s__	0.999999939782116
44638281c0a8a53e37d1e4ef31260791	d__Bacteria;p__Fusobacteriota;c__Fusobacteriia;o__Fusobacteriales;f__Fusobacteriaceae;g__Fusobacterium;s__	0.9999769349419732
3916a456bb0a3bfd02c15fd537ff5923	d__Bacteria;p__Bacillota;c__Negativicutes;o__Veillonellales-Selenomonadales;f__Veillonellaceae;g__Megasphaera;s__	0.9935108158720383
fbd67349783ebeacc69814257b694d56	d__Bacteria;p__Bacteroidota;c__Bacteroidia;o__Bacteroidales;f__Bacteroidaceae;g__Bacteroides;s__	0.9999999970177953
ee72ee97db064e5d745356f479b9e576	d__Bacteria;p__Bacillota;c__Clostridia;o__Oscillospirales;f__Ruminococcaceae;g__CAG-352;s__	0.9305054637719177
b57f761aa26e40ee12a75e6d80094b19	d__Bacteria;p__Bacillota;c__Clostridia;o__Lachnospirales;f__Lachnospiraceae;g__Anaerobutyricum;s__	0.9999954661446288
6e65d41dbc73e498e5751495af35adf3	d__Bacteria;p__Bacillota;c__Clostridia;o__Lachnospirales;f__Lachnospiraceae;g__Blautia;s__	0.9078339189607042
ab9899b443255cd34e51705c7b8ea201	d__Bacteria;p__Bacillota;c__Clostridia;o__Lachnospirales;f__Lachnospiraceae	0.9999749633502809
40c00caf4aba9abc8cf5384e6e8e438c	d__Bacteria;p__Pseudomonadota;c__Gammaproteobacteria;o__Enterobacterales;f__Enterobacteriaceae	0.911072273323895
2db5941498c1b38f7d9ee98e309264c7	d__Bacteria;p__Bacillota;c__Clostridia;o__Lachnospirales;f__Lachnospiraceae;g__Cellulosilyticum;s__	0.9999999728094767
30690ef696c7a62abb635e5ec1c8e2f1	d__Bacteria;p__Bacillota;c__Bacilli;o__Lactobacillales;f__Lactobacillaceae;g__Ligilactobacillus;s__	0.9997068293580137
31654b0fabcee256ee93ddfc89c8b048	d__Bacteria;p__Bacillota;c__Clostridia;o__Oscillospirales;f__Oscillospiraceae;g__NK4A214_group;s__	0.9979090902588504
e0cdaf99e96ca363991154bd1da46a59	d__Bacteria;p__Bacillota;c__Clostridia;o__Lachnospirales;f__Lachnospiraceae	0.9999965325001174
c54ecd701d322d197b9000b235740969	d__Bacteria;p__Bacillota;c__Clostridia;o__Oscillospirales;f__Ruminococcaceae;g__Fournierella;s__	0.8174453770068405
1b92901eaf73176b86069084ac8c13e3	d__Bacteria;p__Bacillota;c__Clostridia;o__Lachnospirales;f__Lachnospiraceae;g__Lachnospiraceae_UCG-010;s__	0.9998798344503054
42d4d418616b1ffd02972116857e3ce6	d__Bacteria;p__Bacillota;c__Clostridia;o__Lachnospirales;f__Lachnospiraceae;g__Anaerobutyricum;s__	0.9999993049544997
547ed9d63f007845c48db64ef3e5aab6	d__Bacteria;p__Bacteroidota;c__Bacteroidia;o__Bacteroidales;f__Bacteroidaceae;g__Bacteroides;s__	0.9999861540438285
5f8d35126b0a7321413d21487ec72b73	d__Bacteria;p__Bacillota;c__Bacilli;o__Erysipelotrichales;f__Erysipelotrichaceae;g__[Clostridium]_innocuum_group;s__	0.9999844421576021
f16de2a4a6dd4174f4627dfbe084cf87	d__Bacteria;p__Bacillota;c__Bacilli;o__Lactobacillales;f__Lactobacillaceae;g__Lacticaseibacillus;s__	0.9912660795472269
1b23e74fb43b2b8a2d20b91679cf8e0e	d__Bacteria;p__Actinomycetota;c__Actinobacteria;o__Bifidobacteriales;f__Bifidobacteriaceae;g__Bifidobacterium;s__	0.9999959815257592
7af6fc12809fdafab918881f836460f8	d__Bacteria;p__Bacillota;c__Clostridia;o__Lachnospirales;f__Lachnospiraceae	0.9999978870651314
581a55014641e1cd55cdc272c0365a28	d__Bacteria;p__Bacillota;c__Bacilli;o__Lactobacillales;f__Lactobacillaceae;g__Limosilactobacillus;s__	0.9993163327750166
feb1c288cd46f6fd9bc3c2c35970cbdf	d__Bacteria;p__Bacillota;c__Bacilli;o__Lactobacillales;f__Lactobacillaceae;g__Limosilactobacillus;s__	0.9989262396283746
2de5ccd5d5d8484edf5b47be19c7687e	d__Bacteria;p__Bacillota;c__Clostridia;o__Lachnospirales;f__Lachnospiraceae;g__Blautia;s__	0.9813751184718703
d20b46e3c9d79a8e49a48f112fc03d4f	d__Bacteria;p__Bacillota;c__Clostridia;o__Peptostreptococcales-Tissierellales;f__Peptostreptococcaceae;g__Romboutsia;s__	0.9974512730623719
caea322863a57bb2b14c7317fa120dc4	d__Bacteria;p__Bacillota;c__Clostridia;o__Lachnospirales;f__Lachnospiraceae	0.9999984954162315
76a2a89fb35336e7b117fc44ff915092	d__Bacteria;p__Bacillota;c__Negativicutes;o__Veillonellales-Selenomonadales;f__Veillonellaceae;g__Veillonella;s__	0.9999999970553688
0243b68c76049aa1b8c51a20333da950	d__Bacteria;p__Bacillota;c__Clostridia;o__Lachnospirales;f__Lachnospiraceae;g__Lachnospiraceae_ND3007_group;s__	0.9999977384442069
ca94cbcccd3ab51b3784a6aed45a4a04	d__Bacteria;p__Bacillota;c__Clostridia;o__Oscillospirales;f__Ruminococcaceae;g__Ruminococcus;s__	0.9677863680212313
66a9101067d5d8c3ba7bb71b3043276d	d__Bacteria;p__Thermodesulfobacteriota;c__Desulfovibrionia;o__Desulfovibrionales;f__Desulfovibrionaceae;g__Desulfovibrio;s__	0.9999335429138402
24646f903382ae52da1b45805982e09f	d__Bacteria;p__Bacillota;c__Clostridia;o__Lachnospirales;f__Lachnospiraceae;g__Extibacter;s__	0.9224456115259969
be5cc85bd2ac16b6ae446fd24b1e2308	d__Bacteria;p__Bacillota;c__Bacilli;o__Erysipelotrichales;f__Erysipelotrichaceae;g__Turicibacter;s__	0.9999999355714543
452e8489334d0ba0cf7eeccea28f1364	d__Bacteria;p__Bacillota;c__Clostridia;o__Lachnospirales;f__Lachnospiraceae;g__Mediterraneibacter;s__	0.9410084912201272
629f41c0de31ba20f5d2b3f4c69e09c1	d__Bacteria;p__Actinomycetota;c__Coriobacteriia;o__Coriobacteriales;f__Eggerthellaceae;g__Eggerthella;s__	0.9999997799675342
db7f42d2a4ded289e177bb4c00edff61	d__Bacteria;p__Bacillota;c__Clostridia;o__Lachnospirales;f__Lachnospiraceae	0.9999992974550121
45c80843dac191f771b11018ff90d94c	d__Bacteria;p__Bacillota;c__Clostridia;o__Oscillospirales;f__Ruminococcaceae;g__Ruminococcus;s__	0.9999714843453014
824b9c5e131ccef5ab3286cfde31640c	d__Bacteria;p__Bacteroidota;c__Bacteroidia;o__Bacteroidales;f__Bacteroidaceae;g__Bacteroides;s__	0.9999997590371669
a18c0c17fce3d52dc60506e8730bc996	d__Bacteria;p__Bacillota;c__Clostridia;o__Oscillospirales;f__Butyricicoccaceae;g__Agathobaculum;s__	0.9999517407974751
c01233a463b6ffb98aaeb317ba934c36	d__Bacteria;p__Bacillota;c__Clostridia;o__Lachnospirales;f__Lachnospiraceae;g__Agathobacter;s__	0.8598820292193721
ad139328ba8ac39c2e5ccef543df2deb	d__Bacteria;p__Bacillota;c__Clostridia;o__Oscillospirales;f__Ruminococcaceae;g__Acutalibacter;s__	0.9999884030309114
506ee17cb5d882636086031fa2232f11	d__Bacteria;p__Bacteroidota;c__Bacteroidia;o__Bacteroidales;f__Muribaculaceae;g__Incertae_Sedis;s__	0.9999420038554102
bb7e5c6df18c100b97f890fc35eb2911	d__Bacteria;p__Pseudomonadota;c__Gammaproteobacteria;o__Enterobacterales;f__Morganellaceae;g__Proteus;s__	0.9187126358918807
9984cb69ccbc872cca3220a63ad72684	d__Bacteria;p__Bacillota;c__Clostridia;o__Oscillospirales;f__Ruminococcaceae	0.9997383363254694
517b36b986012394a442af4336b89612	d__Bacteria;p__Bacillota;c__Bacilli;o__Erysipelotrichales;f__Erysipelotrichaceae;g__Absiella;s__	0.9999662824177185
6c7e2cfd1953e79718943adc7549e345	d__Bacteria;p__Bacillota;c__Clostridia;o__Lachnospirales;f__Lachnospiraceae;g__Agathobacter;s__	0.8891718981789265
dd80e0a50520c9481217ccdf670781a6	d__Bacteria;p__Bacillota;c__Clostridia;o__Lachnospirales;f__Lachnospiraceae;g__Anaerobutyricum;s__	0.9999992170417978
8ca0b9917d926bb6241ce6e23673fce4	d__Bacteria;p__Bacillota;c__Clostridia;o__Lachnospirales;f__Lachnospiraceae	0.9999988207812797
871b99772b7ead3ed8a217f566729af6	d__Bacteria;p__Actinomycetota;c__Coriobacteriia;o__Coriobacteriales;f__Coriobacteriales_Incertae_Sedis;g__Incertae_Sedis;s__	0.9999999784025848
91587a85e342f8dba27f54e15ac0ea77	d__Bacteria;p__Bacillota;c__Clostridia;o__Lachnospirales;f__Lachnospiraceae;g__Tyzzerella;s__	0.9999990177554984
7f9c14ef4eb251a43b71add4c10a821f	d__Bacteria;p__Bacillota;c__Clostridia;o__Oscillospirales;f__Ruminococcaceae;g__DTU089;s__	0.999998338866335
d900eb33f6b4bc449aab64df16ae18b2	d__Bacteria;p__Bacteroidota;c__Bacteroidia;o__Bacteroidales;f__Bacteroidaceae;g__Bacteroides;s__	0.999999345941007
b4bb370a59f2637d406ccc0f5a1b2a1e	d__Bacteria;p__Pseudomonadota;c__Gammaproteobacteria;o__Enterobacterales;f__Morganellaceae;g__Morganella;s__	0.9999661561922608
33ba975cdb88b5073a2355ffdf01e9cb	d__Bacteria;p__Actinomycetota;c__Actinobacteria;o__Bifidobacteriales;f__Bifidobacteriaceae;g__Bifidobacterium;s__	0.999978863714895
7a3090aa682623800304aca0da51c22c	d__Bacteria;p__Bacillota;c__Bacilli;o__Erysipelotrichales;f__Erysipelotrichaceae;g__Faecalitalea;s__	0.8158030253271474
66063c3a2e5cc0fd8b0b301cdbb7c0ce	d__Bacteria;p__Bacillota;c__Clostridia;o__Lachnospirales;f__Lachnospiraceae	0.9999999633549523
9ee9d7f1e7a96963f1ee2668f858fced	d__Bacteria;p__Bacillota;c__Clostridia;o__Peptostreptococcales-Tissierellales;f__Family_XI;g__Anaerococcus;s__	0.9999999999999716
4e2e6735331ad01a30c94d2f4c285dc2	d__Bacteria;p__Bacillota;c__Clostridia;o__Lachnospirales;f__Lachnospiraceae;g__CAG-56;s__	0.9993993814342524
9b12ea14bff8a37dc1d39b36b5b904d6	d__Bacteria;p__Bacillota;c__Clostridia;o__Peptostreptococcales-Tissierellales;f__Anaerovoracaceae;g__Family_XIII_AD3011_group;s__	0.8842295610922519
3dd7acf39ab927348aafcd8acb08dd9a	d__Bacteria;p__Bacillota;c__Clostridia;o__Lachnospirales;f__Lachnospiraceae;g__Blautia;s__	0.7808661458909787
7f85ac088481e3811666998c6ba22231	d__Bacteria;p__Fusobacteriota;c__Fusobacteriia;o__Fusobacteriales;f__Fusobacteriaceae;g__Fusobacterium;s__	0.9999999999848512
16530e5b50b780018210dac05a471715	d__Bacteria;p__Bacillota;c__Clostridia;o__Oscillospirales;f__Oscillospiraceae;g__UCG-002;s__	0.9998315051592007
735cb9abbbc8ff2b5b354be608a3a869	d__Bacteria;p__Bacillota;c__Bacilli;o__Lactobacillales;f__Streptococcaceae;g__Streptococcus;s__	0.9999775937141817
69310a7cff9f6b902cdfd08243784ace	d__Bacteria;p__Bacillota;c__Clostridia;o__Lachnospirales;f__Lachnospiraceae	0.9999913852380864
2c6a6015a325f35c1a5c8ce7a44a5e3c	d__Bacteria;p__Bacillota;c__Bacilli;o__Lactobacillales;f__Lactobacillaceae;g__Lacticaseibacillus;s__	0.9725629045406312
506efac48dc5d5be2c0122c381639a3f	d__Bacteria;p__Bacteroidota;c__Bacteroidia;o__Bacteroidales;f__Rikenellaceae;g__Alistipes;s__	0.9999999999759268
dbcdaca3ee9e9fe75d8829e87b8551dc	d__Bacteria;p__Pseudomonadota;c__Gammaproteobacteria;o__Burkholderiales;f__Sutterellaceae;g__Sutterella;s__	0.999999979866715
6e57b32b545e72b802822e1554c70868	d__Bacteria;p__Bacillota;c__Clostridia;o__Lachnospirales;f__Lachnospiraceae	0.9999992056330387
5aedf0f91ae6d654bcfca7f68262deb9	d__Bacteria;p__Bacillota;c__Negativicutes;o__Veillonellales-Selenomonadales;f__Veillonellaceae;g__Anaeroglobus;s__	0.9999999525502414
6996516ddd4cdd55504f3bf73eed8de0	d__Bacteria;p__Bacillota;c__Clostridia;o__Oscillospirales;f__Ruminococcaceae	0.9999999999969029
5a2e42177ddd0fd0ac60765af28c9a27	d__Bacteria;p__Fusobacteriota;c__Fusobacteriia;o__Fusobacteriales;f__Fusobacteriaceae;g__Fusobacterium;s__	0.9999999999320721
58bd181f757283f5a4ceebdf90ff6243	d__Bacteria;p__Bacillota;c__Clostridia;o__Lachnospirales;f__Lachnospiraceae;g__Sellimonas;s__	0.9999086403885828
3997b3a27af40fcde972d5a58c3bd513	d__Bacteria;p__Bacteroidota;c__Bacteroidia;o__Bacteroidales;f__Tannerellaceae;g__Parabacteroides;s__	0.9996387123477062
0ba92b5d91ba43524ebc6ea1ae7c5a73	d__Bacteria;p__Bacillota;c__Clostridia;o__Lachnospirales;f__Lachnospiraceae	0.9999997767207474
84f9cf6d08ccc7adb4e945c4fd8be494	d__Bacteria;p__Bacillota;c__Clostridia;o__Oscillospirales;f__Oscillospiraceae;g__UCG-002;s__	0.9999331710400877
421cbd1d71d34704c6d53377261e213c	d__Bacteria;p__Bacillota;c__Clostridia;o__Lachnospirales;f__Lachnospiraceae;g__[Eubacterium]_ventriosum_group;s__	0.9981879617856253
2de0f958e30d26f04cba8d2a920bbe46	d__Bacteria;p__Bacillota;c__Clostridia;o__Lachnospirales;f__Lachnospiraceae;g__Blautia;s__	0.8373925426045816
90e279418671e739f0a094f5e6554df9	d__Bacteria;p__Bacillota;c__Clostridia;o__Oscillospirales;f__Ruminococcaceae;g__Faecalibacterium;s__	0.9997818157031751
f762648e6e16e9eb6ba9267d009d1d58	d__Bacteria;p__Bacillota;c__Bacilli;o__Lactobacillales	0.999985886740813
2ddcc1df851ad58c6aa5c1d335e28024	d__Bacteria;p__Bacillota;c__Clostridia;o__Lachnospirales;f__Lachnospiraceae;g__Blautia;s__	0.7142837360176958
2402b8de80b4e08a898a4f1e7e3a7f8d	d__Bacteria;p__Bacillota;c__Bacilli;o__Acholeplasmatales;f__Acholeplasmataceae;g__Anaeroplasma;s__	0.9999999897733431
a3159dc8d1f6695edfad0162b013cc67	d__Bacteria;p__Bacteroidota;c__Bacteroidia;o__Bacteroidales;f__Muribaculaceae;g__Incertae_Sedis;s__	0.9999607248687934
5df1c5c06a1966d13b17f1f5df672777	d__Bacteria;p__Bacillota;c__Clostridia;o__Lachnospirales;f__Lachnospiraceae	0.9999920690957227
24cccadb274fef1f88113e8f019e2a63	d__Bacteria;p__Bacillota;c__Clostridia;o__Peptostreptococcales-Tissierellales;f__Anaerovoracaceae	0.999999998960433
1926679bf52691b7a4a3844bf10e6d38	d__Bacteria;p__Bacillota;c__Clostridia;o__Oscillospirales;f__Oscillospiraceae;g__NK4A214_group;s__	0.9972983101360566
9580aa8a52ec18a4e92e701cdb595faa	d__Bacteria;p__Bacillota;c__Clostridia;o__Clostridiales;f__Clostridiaceae;g__Clostridium;s__	0.9858108435410093
e220e84c750738e230e8ecfe97decc4c	d__Bacteria;p__Bacillota;c__Clostridia;o__Lachnospirales;f__Lachnospiraceae;g__Faecalimonas;s__	0.9833389006924752
cf0e29b1acfd7c9cc92b326cbfc88908	d__Bacteria;p__Bacillota;c__Clostridia;o__Eubacteriales;f__Eubacteriaceae;g__Eubacterium;s__	0.9999999296112516
e7cfd084265c4df4856ca07b1c9b24ee	d__Bacteria;p__Bacillota;c__Bacilli;o__Lactobacillales;f__Streptococcaceae;g__Streptococcus;s__	0.9999744882674276
9a7134ae7c756e51b6471bd792f9ef10	d__Bacteria;p__Bacteroidota;c__Bacteroidia;o__Bacteroidales;f__Dysgonomonadaceae;g__Dysgonomonas;s__	0.9999998582718732
b9bd4ddc71b5261571e53f606451241d	d__Bacteria;p__Fusobacteriota;c__Fusobacteriia;o__Fusobacteriales;f__Fusobacteriaceae	0.9999999909102021
a89d78924d17e8960959723e458e9291	d__Bacteria;p__Bacillota;c__Clostridia;o__Lachnospirales;f__Lachnospiraceae	0.999997928581893
9e9c4270966cf507485654eb33a69880	d__Bacteria;p__Bacillota;c__Bacilli;o__Lactobacillales;f__Lactobacillaceae;g__Weissella;s__	0.9999999996545768
9624ce4cefb03530aaafca65b645cfcc	d__Bacteria;p__Bacillota;c__Clostridia;o__Lachnospirales;f__Lachnospiraceae;g__Extibacter;s__	0.980175456692672
98733e7d335f309921890faeea796c8c	d__Bacteria;p__Bacillota;c__Clostridia;o__Christensenellales;f__Christensenellaceae;g__Christensenellaceae_R-7_group;s__	0.7984710723416562
0e226d197c2f253bcee5f15026512f90	d__Bacteria;p__Bacillota;c__Clostridia;o__Lachnospirales;f__Lachnospiraceae;g__Extibacter;s__	0.9935655955281182
5f85c690ddb79750df918f37822ad257	d__Bacteria;p__Bacteroidota;c__Bacteroidia;o__Bacteroidales;f__Barnesiellaceae;g__Barnesiella;s__	0.999999947611117
b354a1e7a29c4f05aace7e65edc75c7f	d__Bacteria;p__Thermodesulfobacteriota;c__Desulfovibrionia;o__Desulfovibrionales;f__Desulfovibrionaceae;g__Desulfovibrio;s__	0.9998782206415494
47c305878bfc73bfeda34b2ae1a82ee1	d__Bacteria;p__Bacteroidota;c__Bacteroidia;o__Bacteroidales;f__Bacteroidaceae;g__Bacteroides;s__	0.999999788541211
5ab31ab07217b5962bec96a3fd85a0af	d__Bacteria;p__Bacillota;c__Clostridia;o__Lachnospirales;f__Lachnospiraceae;g__Blautia;s__	0.9822287554050261
561b9c6c63a86380b2ca3b5d723e61c1	d__Bacteria;p__Pseudomonadota;c__Gammaproteobacteria;o__Enterobacterales;f__Enterobacteriaceae	0.8618637932379255
615f25fd8aeae2687010b389ee2ca265	d__Bacteria;p__Fusobacteriota;c__Fusobacteriia;o__Fusobacteriales;f__Fusobacteriaceae;g__Cetobacterium;s__	0.9999968679019582
3e9c84b5f9b7e453d160e50b7d9933ce	d__Bacteria;p__Pseudomonadota;c__Gammaproteobacteria;o__Enterobacterales;f__Enterobacteriaceae;g__Escherichia-Shigella;s__	0.8740778380312807
aefb133c70bb57e67c558c826ca32e1d	d__Bacteria;p__Bacillota;c__Clostridia;o__Lachnospirales;f__Lachnospiraceae;g__Blautia;s__	0.9766425041046929
e9f900358bb9297e10b9fbb1321b1e6e	d__Bacteria;p__Bacillota;c__Bacilli;o__Erysipelotrichales;f__Erysipelatoclostridiaceae;g__Thomasclavelia;s__	0.9999969452577534
9bcdff78f108f90ce33eea9907c345d2	d__Bacteria;p__Bacillota;c__Clostridia;o__Oscillospirales;f__Ruminococcaceae;g__Fournierella;s__	0.8379050159418677
d55772167dea9256aac77646e74a5994	d__Bacteria;p__Bacillota;c__Negativicutes;o__Veillonellales-Selenomonadales;f__Veillonellaceae;g__Dialister;s__	0.9902411048117565
c0f9afc03ac59992eccc5e6fc3a38ec6	d__Bacteria;p__Bacillota;c__Bacilli;o__Erysipelotrichales;f__Erysipelatoclostridiaceae;g__Massiliomicrobiota;s__	0.9721497607719206
1d49df56b83a383d8b998af9d148f52c	d__Bacteria;p__Bacillota;c__Clostridia;o__Clostridiales;f__Clostridiaceae;g__Clostridium;s__	0.9978153786083798
9ea77e95fbfd1a99c9c28db3b03a01a8	d__Bacteria;p__Bacteroidota;c__Bacteroidia;o__Bacteroidales;f__Barnesiellaceae;g__Barnesiella;s__	0.9999999995971791
973ca62579b1246f54829278d51475ea	d__Bacteria;p__Bacillota;c__Clostridia;o__Lachnospirales;f__Lachnospiraceae;g__[Eubacterium]_xylanophilum_group;s__	0.9978020935598064
69b90707f6f3da7941026fbe6a1597ce	d__Bacteria;p__Bacillota;c__Clostridia;o__Lachnospirales;f__Lachnospiraceae;g__Lachnospiraceae_FCS020_group;s__	0.9653730267161644
d8e7f9181e4d5a4a6453e9ca9996a43f	d__Bacteria;p__Bacteroidota;c__Bacteroidia;o__Bacteroidales;f__Tannerellaceae;g__Parabacteroides;s__	0.9981107785215239
664667183a91ac47de4771fa5456a698	d__Bacteria;p__Bacillota;c__Clostridia;o__Lachnospirales;f__Lachnospiraceae;g__Mediterraneibacter;s__	0.7555884178849945
756e9c33696716a5484135c832f18f12	d__Bacteria;p__Bacillota;c__Clostridia;o__Oscillospirales;f__Ruminococcaceae;g__Acutalibacter;s__	0.9999867517772494
880005af6ed906f0687f0a3f95a078d1	d__Bacteria;p__Bacillota;c__Clostridia;o__Oscillospirales;f__Oscillospiraceae;g__UCG-002;s__	0.9999478830036914
601101d33cdf43a40bd674a50711af52	d__Bacteria;p__Bacillota;c__Clostridia;o__Lachnospirales;f__Lachnospiraceae;g__Roseburia;s__	0.8021071688117741
4552af3e905206840cf8b67bcaf2693f	d__Bacteria;p__Pseudomonadota;c__Gammaproteobacteria;o__Enterobacterales	0.9999999988485602
8e248f6dda97209ac7fb30767c3c4a20	d__Bacteria;p__Bacillota;c__Bacilli;o__Lactobacillales;f__Lactobacillaceae;g__Ligilactobacillus;s__	0.9894359445714042
fb34de97cd15c0e9003849ad566c9bb8	d__Bacteria;p__Bacteroidota;c__Bacteroidia;o__Bacteroidales;f__Tannerellaceae;g__Parabacteroides;s__	0.9999999990511839
2c5e87b291147c04e1b8d1c808b1aee0	d__Bacteria;p__Actinomycetota;c__Actinobacteria;o__Bifidobacteriales;f__Bifidobacteriaceae;g__Bifidobacterium;s__	0.9999995357834248
2eb4228d8c45f9ed534edab551410499	d__Bacteria;p__Bacillota;c__Clostridia;o__Lachnospirales;f__Lachnospiraceae;g__Anaerosporobacter;s__	0.9994211641475084
d10f0491fe349c60109baf57611af72a	d__Bacteria;p__Bacteroidota;c__Bacteroidia;o__Bacteroidales;f__Bacteroidaceae;g__Bacteroides;s__	0.9999990033287809
da8644094f1d480f3b3a6a03a7027ab4	d__Bacteria;p__Bacillota;c__Clostridia;o__Lachnospirales;f__Lachnospiraceae;g__Hungatella;s__	0.9994185209879114
bc7f6c40d5f8e134763db884ca78cb1d	d__Bacteria;p__Bacillota;c__Clostridia;o__Lachnospirales;f__Lachnospiraceae;g__Blautia;s__	0.9373004991085837
02b4317d07dfa2d4bcf0b885431ba6ce	d__Bacteria;p__Bacillota;c__Clostridia;o__Lachnospirales;f__Lachnospiraceae;g__Blautia;s__	0.708499049713062
e657205bc51c1db7e6a38c33a084749d	d__Bacteria;p__Bacillota;c__Clostridia;o__Oscillospirales;f__Oscillospiraceae;g__Intestinimonas;s__	0.8619362605274699
545897c06d99e94bc65d6bab8099d98a	d__Bacteria;p__Bacillota;c__Negativicutes;o__Veillonellales-Selenomonadales;f__Veillonellaceae;g__Veillonella;s__	0.9999999950266556
2ae38d977b4e4ef415981f16eccb6b25	d__Bacteria;p__Bacillota;c__Clostridia;o__Lachnospirales;f__Lachnospiraceae;g__Agathobacter;s__	0.8927132444230251
67e8859e108281ee7971084bfa759522	d__Bacteria;p__Bacillota;c__Clostridia;o__Lachnospirales;f__Lachnospiraceae;g__Lachnoclostridium;s__	0.914051803346864
66829becceb306e439f7edc72fed5337	d__Bacteria;p__Bacillota;c__Clostridia;o__Lachnospirales;f__Lachnospiraceae	0.9999986678738116
c82c7b675ce5c6a0d3eca83879abf4aa	d__Bacteria;p__Bacillota;c__Clostridia;o__Oscillospirales;f__Butyricicoccaceae;g__Agathobaculum;s__	0.9999795915296614
b0fe86f49a738effa17cf10fd0af4b6c	d__Bacteria;p__Bacillota;c__Clostridia;o__Lachnospirales;f__Lachnospiraceae;g__Anaerobutyricum;s__	0.9998848904269158
4cbfff144d4e7a4e0f4619ed505be070	d__Bacteria;p__Pseudomonadota;c__Gammaproteobacteria;o__Enterobacterales;f__Enterobacteriaceae	0.8412695750461533
8a64a5eb9ff2c725d5a4051770d96303	d__Bacteria;p__Bacillota;c__Clostridia;o__Lachnospirales;f__Lachnospiraceae;g__[Ruminococcus]_gauvreauii_group;s__	0.9787095550674673
21dcfff18d552ae0ca669d213652bda3	d__Bacteria;p__Bacillota;c__Clostridia;o__Oscillospirales;f__[Eubacterium]_coprostanoligenes_group;g__Incertae_Sedis;s__	0.9999946556047087
119eea33cb9f505d6a20297d132e792a	d__Bacteria;p__Bacillota;c__Clostridia;o__Lachnospirales;f__Lachnospiraceae	0.9999985843158596
aebc844e85c60d5d73ce7a516d9df261	d__Bacteria;p__Bacillota;c__Clostridia;o__Lachnospirales;f__Lachnospiraceae;g__Anaerobutyricum;s__	0.9998502773101268
33deb57a51743c338407d5c7e9b6f5fd	d__Bacteria;p__Bacillota;c__Clostridia;o__Peptostreptococcales-Tissierellales;f__Peptostreptococcaceae;g__Terrisporobacter;s__	0.9997790781461446
7cada1d891ae2e5952d684f47505c86d	d__Bacteria;p__Bacillota;c__Clostridia;o__Lachnospirales;f__Lachnospiraceae;g__Blautia;s__	0.9741535372109863
6fe33250c45ddbda2700682431270ddc	d__Bacteria;p__Pseudomonadota;c__Gammaproteobacteria;o__Burkholderiales;f__Sutterellaceae;g__Sutterella;s__	0.999997195055042
868be84b9daccd25a648f872c8d5e9ab	d__Bacteria;p__Bacillota;c__Negativicutes;o__Veillonellales-Selenomonadales;f__Sporomusaceae;g__Anaerosinus;s__	0.8657767483056392
0dcf5023e96fb8175d7bf02d900c9dd1	d__Bacteria;p__Bacillota;c__Clostridia;o__Oscillospirales;f__[Eubacterium]_coprostanoligenes_group;g__Incertae_Sedis;s__	0.9999770750788812
f8d0d5caceea62f4be2477d29163f163	d__Bacteria;p__Bacillota;c__Clostridia;o__Oscillospirales;f__Ruminococcaceae;g__Acutalibacter;s__	0.999925993969534
fee421dd182111e1d718ac10decab1e9	d__Bacteria;p__Bacteroidota;c__Bacteroidia;o__Bacteroidales;f__Rikenellaceae;g__Alistipes;s__	0.9998654810665556
4912cd4c1f9a773f88a73c258c25c825	d__Bacteria;p__Bacillota;c__Clostridia;o__Lachnospirales;f__Lachnospiraceae;g__Faecalicatena;s__	0.9985550566136476
7ee3e4343242684ba3ce459672348ff7	d__Bacteria;p__Bacteroidota;c__Bacteroidia;o__Bacteroidales;f__Bacteroidaceae;g__Bacteroides;s__	0.9999999987314538
569653b1659271a290facfcedd0de061	d__Bacteria;p__Bacillota;c__Bacilli;o__Lactobacillales	0.9999944091615935
3d7aafb08bd87d7992e6ab8fcc361d4e	d__Bacteria;p__Bacillota;c__Clostridia;o__Lachnospirales;f__Lachnospiraceae;g__Dorea;s__	0.9868980954838095
b2741138ce29dc0326e71b1800246470	d__Bacteria;p__Bacillota;c__Clostridia;o__Lachnospirales;f__Lachnospiraceae	0.9999998344756575
9e701e82d552ee66d9007fa3883b6560	d__Bacteria;p__Cyanobacteriota;c__Cyanobacteriia;o__Chloroplast;f__Incertae_Sedis;g__Incertae_Sedis;s__	0.9999999999683524
8319d3eac517cdc6eac67429141a4179	d__Bacteria;p__Bacillota;c__Clostridia;o__Lachnospirales;f__Lachnospiraceae;g__Mediterraneibacter;s__	0.960664767537971
5687d68a07d7abcbb4cf0ccb1b216417	d__Bacteria;p__Bacillota;c__Clostridia;o__Peptostreptococcales-Tissierellales;f__Family_XI;g__Tissierella;s__	0.9953354634850407
6a3ad6c4f1426b49701f60b671ae12d2	d__Bacteria;p__Bacillota;c__Bacilli;o__Lactobacillales;f__Lactobacillaceae;g__Lapidilactobacillus;s__	0.9977151442569937
f73bc660ad02cf25a2e30bead37e34fd	d__Bacteria;p__Bacillota;c__Clostridia;o__Lachnospirales;f__Lachnospiraceae;g__Blautia;s__	0.9473342862024398
ed66913c64e880ea0b4cf78c59280664	d__Bacteria;p__Thermodesulfobacteriota;c__Desulfovibrionia;o__Desulfovibrionales;f__Desulfovibrionaceae;g__Desulfovibrio;s__	0.9999946660081924
36d9ad396b85196c9b4cf68b81789585	d__Bacteria;p__Bacillota;c__Clostridia;o__Lachnospirales;f__Lachnospiraceae;g__Lachnospira;s__	0.9894380025831004
22424eb53c259749d0d5cf4f45d18613	d__Bacteria;p__Bacillota;c__Clostridia;o__Clostridiales;f__Clostridiaceae;g__Clostridium;s__	0.9970748836426675
87ecf7b10d0362d047f4c04b037fdbef	d__Bacteria;p__Bacillota;c__Negativicutes;o__Veillonellales-Selenomonadales;f__Veillonellaceae;g__Megasphaera;s__	0.999999957836935
2084f48082d0e7376174d0dbe6af5c82	d__Bacteria;p__Bacillota;c__Negativicutes;o__Veillonellales-Selenomonadales;f__Veillonellaceae;g__Veillonella;s__	0.9999999951220815
9484afed9f64641667938e294c07fe7c	d__Bacteria;p__Bacillota;c__Clostridia;o__Lachnospirales;f__Lachnospiraceae	0.9999945518005178
1596fe4a4e68143d829e8e982d2f398d	d__Bacteria;p__Bacteroidota;c__Bacteroidia;o__Bacteroidales;f__Tannerellaceae;g__Parabacteroides;s__	0.9999999983495655
52573485a4521e007e4c5217fc5d7c68	d__Bacteria;p__Bacillota;c__Clostridia;o__Lachnospirales;f__Lachnospiraceae;g__Lachnospiraceae_UCG-010;s__	0.9956773112453157
1b5ae068b60b3c92ff823f4e6cdb9317	d__Bacteria;p__Bacteroidota;c__Bacteroidia;o__Bacteroidales;f__Tannerellaceae;g__Parabacteroides;s__	0.9995123579517798
baeba615f83e60cde6f2d1b1b0d2ab78	d__Bacteria;p__Bacillota;c__Negativicutes;o__Veillonellales-Selenomonadales;f__Veillonellaceae;g__Dialister;s__	0.9988967682343437
4d34418916362764b94c026bdab4127f	d__Bacteria;p__Bacillota;c__Clostridia;o__Peptostreptococcales-Tissierellales;f__Anaerovoracaceae;g__Family_XIII_AD3011_group;s__	0.9909031681508762
6db169339ee5897780e713c44784d74a	d__Bacteria;p__Bacillota;c__Clostridia;o__Clostridia_UCG-014;f__Incertae_Sedis;g__Incertae_Sedis;s__	0.9999999998567972
b621d4b3cca1ec89ceca12efca8a94fb	d__Bacteria;p__Bacillota;c__Clostridia;o__Christensenellales;f__Christensenellaceae;g__Christensenellaceae_R-7_group;s__	0.7431517777486742
3bac14d2805bf995afe9d316a5777b1e	d__Bacteria;p__Bacillota;c__Bacilli;o__Lactobacillales;f__Lactobacillaceae;g__Lactobacillus;s__	0.9996706738284283
df8456a1abbfb4c8a2c450b44378d4cb	d__Bacteria;p__Actinomycetota;c__Actinobacteria;o__Actinomycetales;f__Actinomycetaceae;g__Schaalia;s__	0.997582578271471
878fc53ff6f6333a92673b700951fa1b	d__Bacteria;p__Bacteroidota;c__Bacteroidia;o__Bacteroidales;f__Tannerellaceae;g__Parabacteroides;s__	0.9999999993194137
efa231614a5eb97a385a5cae7b440348	d__Bacteria;p__Bacteroidota;c__Bacteroidia;o__Bacteroidales;f__Rikenellaceae;g__Alistipes;s__	0.9996714842972889
4d334598e144b1d31c0b92a301b5cc68	d__Bacteria;p__Bacillota;c__Clostridia;o__Lachnospirales;f__Lachnospiraceae;g__Lachnospiraceae_FCS020_group;s__	0.9594108123584383
ac204ff88c01fd60e7522f34e8984860	d__Bacteria;p__Bacillota;c__Clostridia;o__Lachnospirales;f__Lachnospiraceae;g__Enterocloster;s__	0.9572890920795104
11f0558dca37009cbf1a6083b0b658e5	d__Bacteria;p__Pseudomonadota;c__Gammaproteobacteria;o__Enterobacterales;f__Morganellaceae;g__Providencia;s__	0.9963164234365983
b1d8e09561b600103cc3d8b388c02478	d__Bacteria;p__Bacillota;c__Clostridia;o__Lachnospirales;f__Lachnospiraceae	0.9999977604805461
e245e78180c94721cfe8b77b104af0bc	d__Bacteria;p__Bacillota;c__Clostridia;o__Lachnospirales;f__Lachnospiraceae;g__Dorea;s__	0.938066061210702
9f02839251e1419ee447381f263b14ed	d__Bacteria;p__Bacillota;c__Clostridia;o__Lachnospirales;f__Lachnospiraceae;g__Blautia;s__	0.7527518624078371
5322567d7de1d94e6cf65390deb29b1c	d__Bacteria;p__Bacillota;c__Clostridia;o__Lachnospirales;f__Lachnospiraceae;g__[Eubacterium]_eligens_group;s__	0.9997402705348082
8624322ae2483faffff421f46f814fc2	d__Bacteria;p__Synergistota;c__Synergistia;o__Synergistales;f__Synergistaceae;g__Pyramidobacter;s__	0.9999999999992895
ef6a209f17415ca40777d4f3e0459647	d__Bacteria;p__Bacteroidota;c__Bacteroidia;o__Bacteroidales;f__Bacteroidaceae;g__Bacteroides;s__	0.999999999729738
8aaed79d6563ff7925c774e39b662a14	d__Bacteria;p__Bacillota;c__Clostridia;o__Lachnospirales;f__Lachnospiraceae;g__Marvinbryantia;s__	0.8646805540025241
7a6dba47692f821cabeaf266b6b36593	d__Bacteria;p__Bacillota;c__Negativicutes;o__Veillonellales-Selenomonadales;f__Veillonellaceae;g__Incertae_Sedis;s__	0.9554722461208442
b0e56c25ca193e27096e8fb4eb560eee	d__Bacteria;p__Bacillota;c__Clostridia;o__Lachnospirales;f__Lachnospiraceae;g__Eisenbergiella;s__	0.9995760376418116
31774b2ab198d7b5abc9f0d6e8a5ffc2	d__Bacteria;p__Thermodesulfobacteriota;c__Desulfovibrionia;o__Desulfovibrionales;f__Desulfovibrionaceae;g__Bilophila;s__	0.9999998858385689
202fbe901b89ad25ca6fd6f2014bc635	d__Bacteria;p__Bacillota;c__Clostridia;o__Eubacteriales;f__Eubacteriaceae;g__Eubacterium;s__	0.9998586221553266
6a0f292d9b54ddccc01e0e2364e65d8a	d__Bacteria;p__Bacillota;c__Clostridia;o__Lachnospirales;f__Lachnospiraceae;g__Blautia;s__	0.8868271261302524
72ec78ecd4c30c1ddc64900630f35387	d__Bacteria;p__Bacillota;c__Clostridia;o__Lachnospirales;f__Lachnospiraceae;g__Lachnospira;s__	0.9924910561042521
208c0c43c7c5d4a6bb549e0c8365cd21	d__Bacteria;p__Bacillota;c__Clostridia;o__Lachnospirales;f__Lachnospiraceae;g__[Eubacterium]_eligens_group;s__	0.9998995084721236
3219af75ee8056ed06ba81e873b0d0cb	d__Bacteria;p__Bacillota;c__Clostridia;o__Oscillospirales;f__Oscillospiraceae;g__UCG-002;s__	0.9988506670342095
260bf94087341f33b5fbdc6db681ef3e	d__Bacteria;p__Bacillota;c__Clostridia;o__Lachnospirales;f__Lachnospiraceae;g__Faecalimonas;s__	0.9655059815451855
41ad16e403c86dbc36bd2b11d8754ae2	d__Bacteria;p__Bacillota;c__Bacilli;o__Lactobacillales;f__Lactobacillaceae;g__Schleiferilactobacillus;s__	0.9933472009431745
05ced1bb366fdd6fed30dfb328f6acff	d__Bacteria;p__Bacillota;c__Bacilli;o__Lactobacillales;f__Lactobacillaceae;g__Lacticaseibacillus;s__	0.9591700172879464
e367dacc4cf58de7164775e5899d4ab2	d__Bacteria;p__Bacillota;c__Clostridia;o__Oscillospirales;f__Ruminococcaceae;g__DTU089;s__	0.9999984692151208
d56fd4c21346f6d694c7e638f6bdcb70	d__Bacteria;p__Bacillota;c__Clostridia;o__Oscillospirales;f__Ruminococcaceae;g__Incertae_Sedis;s__	0.845324731457336
70745fa69950bfb64db28e3afff2b1e5	d__Bacteria;p__Bacillota;c__Clostridia;o__Lachnospirales;f__Lachnospiraceae;g__Frisingicoccus;s__	0.9990877434452641
77899213845055b1effd51c039de7163	d__Bacteria;p__Pseudomonadota;c__Gammaproteobacteria;o__Enterobacterales	0.9999999960874918
f0015c3b64e80303ed3d858f0618bc43	d__Bacteria;p__Bacillota;c__Clostridia;o__Monoglobales;f__Monoglobaceae;g__Monoglobus;s__	0.9848734889627555
12cc4c8a5d46fec0b6738bfe7c6c8a08	d__Bacteria;p__Bacteroidota;c__Bacteroidia;o__Bacteroidales;f__Bacteroidaceae;g__Bacteroides;s__	0.9999957012743461
a72bc4bbcb65e31aac628de5b9a9b0af	d__Bacteria;p__Bacillota;c__Clostridia	0.9990054591335966
850a27193585ddf5fa15610c623b9fc6	d__Bacteria;p__Bacillota;c__Clostridia;o__Peptostreptococcales-Tissierellales;f__Anaerovoracaceae;g__Family_XIII_AD3011_group;s__	0.9937310191215597
a730ef0685ea600be854be1842a6b362	d__Bacteria;p__Bacteroidota;c__Bacteroidia;o__Bacteroidales;f__Marinifilaceae;g__Odoribacter;s__	0.9999999999987352
7920124708240340051679f45a52cd4b	d__Bacteria;p__Bacillota;c__Clostridia;o__Monoglobales;f__Monoglobaceae;g__Monoglobus;s__	0.9915336945469018
eef6975690772f8eb4037e7200ebe8eb	d__Bacteria;p__Bacillota;c__Clostridia;o__Lachnospirales;f__Lachnospiraceae;g__Faecalimonas;s__	0.9469993193652184
2c353937b82f39126e9aeead6f624ac9	d__Bacteria;p__Bacillota;c__Clostridia;o__Oscillospirales;f__Ruminococcaceae;g__Gemmiger;s__	0.9832580169913188
859d00ceee35d471060a6b6e71ac245e	d__Bacteria;p__Bacillota;c__Bacilli;o__Lactobacillales;f__Lactobacillaceae	0.9999999999990905
38eaa8f3d127290bf06b9a82171c37c0	d__Bacteria;p__Pseudomonadota;c__Gammaproteobacteria;o__Enterobacterales;f__Morganellaceae;g__Proteus;s__	0.983246607436556
461be013d5ea40d5d70abf7052f89c7a	d__Bacteria;p__Pseudomonadota;c__Gammaproteobacteria;o__Enterobacterales	0.9999999945795954
e1dd68d3565bc13c4852b88a75058d64	d__Bacteria;p__Bacillota;c__Clostridia;o__Lachnospirales;f__Lachnospiraceae;g__Caecibacterium;s__	0.9010683711110876
2c0c62ea09b2efe01bacdcbcf558d2b8	d__Bacteria;p__Bacillota;c__Clostridia;o__Lachnospirales;f__Lachnospiraceae;g__Enterocloster;s__	0.9976964487210624
8fb773e61e6ee7f5e0fde91cb4d2df09	d__Bacteria;p__Bacillota;c__Clostridia;o__Lachnospirales;f__Lachnospiraceae;g__Lachnospiraceae_UCG-010;s__	0.9949914348438375
05dbbf0301a9625e1f1a41470a92f7fe	d__Bacteria;p__Bacillota;c__Clostridia;o__Lachnospirales;f__Lachnospiraceae;g__Anaerostipes;s__	0.9985695720868638
b6ecd20f301035741915d6c32bda2410	d__Bacteria;p__Bacillota;c__Negativicutes;o__Veillonellales-Selenomonadales;f__Veillonellaceae;g__Allisonella;s__	0.9984377242633906
b892a377de283ef34540e60931454d35	d__Bacteria;p__Bacillota;c__Clostridia;o__Oscillospirales;f__Ruminococcaceae;g__Gemmiger;s__	0.970888666836104
5b0edc603b8434581fd57e66b0d2da73	d__Bacteria;p__Bacillota;c__Negativicutes;o__Acidaminococcales;f__Acidaminococcaceae;g__Acidaminococcus;s__	0.9975225894225406
068b6a2f9fae577ec7350ded580a2fdf	d__Bacteria;p__Pseudomonadota;c__Gammaproteobacteria;o__Enterobacterales;f__Enterobacteriaceae	0.8111732918279522
6eaef2dd2e8097421a196c104a2b76c8	d__Bacteria;p__Bacillota;c__Clostridia;o__Lachnospirales;f__Lachnospiraceae;g__Enterocloster;s__	0.7944215825895419
0ff809897cf23e85636e33b757247103	d__Bacteria;p__Bacillota;c__Clostridia;o__Lachnospirales;f__Lachnospiraceae;g__Anaerobutyricum;s__	0.9996594705304532
77a52ece0d9da550158abfebf9162d14	d__Bacteria;p__Bacillota;c__Clostridia;o__Oscillospirales;f__[Eubacterium]_coprostanoligenes_group;g__Incertae_Sedis;s__	0.9999993576793786
2a7169b7465789a82b4f47c3d934d259	d__Bacteria;p__Bacillota;c__Clostridia;o__Lachnospirales;f__Lachnospiraceae;g__Blautia;s__	0.9334557368769926
aff3962bbd7607a2971161d9840ca409	d__Bacteria;p__Bacillota;c__Clostridia;o__Oscillospirales;f__Ruminococcaceae;g__Acutalibacter;s__	0.9999143788306357
ad9b44d88a18bbff3f5238c0c051e11b	d__Bacteria;p__Bacillota;c__Clostridia;o__Clostridiales;f__Clostridiaceae;g__Clostridium;s__	0.9993249947330359
c84d13308b8608a006759b82fcb5e4ac	d__Bacteria;p__Bacillota;c__Clostridia;o__Lachnospirales;f__Lachnospiraceae;g__Blautia;s__	0.8253368022339141
aadb64740f67f5be0af0ef3b613866d7	d__Bacteria;p__Pseudomonadota;c__Gammaproteobacteria;o__Enterobacterales;f__Enterobacteriaceae	0.8782797553394578
8674dcf0cfe35939037fa9a5b986866f	d__Bacteria;p__Fusobacteriota;c__Fusobacteriia;o__Fusobacteriales;f__Fusobacteriaceae;g__Fusobacterium;s__	0.9999999999828759
6f980c6f3f2ffefd2013c721461cc1c6	d__Bacteria;p__Bacillota;c__Bacilli;o__Erysipelotrichales;f__Erysipelotrichaceae;g__Holdemania;s__	0.9999980248045015
46994e329da4f3393a8495036589323a	d__Bacteria;p__Fusobacteriota;c__Fusobacteriia;o__Fusobacteriales;f__Fusobacteriaceae;g__Fusobacterium;s__	0.999999999996561
09f9294499192d4eecf29e85501cc425	d__Bacteria;p__Bacteroidota;c__Bacteroidia;o__Flavobacteriales;f__Weeksellaceae;g__Bergeyella;s__	0.9999991210797273
d6d857679e85f77b060f4b6651217212	d__Bacteria;p__Bacillota;c__Clostridia;o__Oscillospirales;f__Ruminococcaceae;g__Gemmiger;s__	0.9516675033593824
8399c03f3132cccfd97d7a97090dfc0f	d__Bacteria;p__Bacillota;c__Clostridia;o__Lachnospirales;f__Lachnospiraceae;g__Agathobacter;s__	0.8792147760886702
a40a374c70cb560c2852efaa5cf6db20	d__Bacteria;p__Bacillota;c__Clostridia;o__Lachnospirales;f__Lachnospiraceae;g__Anaerosporobacter;s__	0.7064441419424156
6ba98911efd5b1fa1cbba9f869562cce	d__Bacteria;p__Synergistota;c__Synergistia;o__Synergistales;f__Synergistaceae;g__Cloacibacillus;s__	0.999999386870957
cc6a59faf758212eb8ec5dbc2b968f5d	d__Bacteria;p__Bacillota;c__Negativicutes;o__Veillonellales-Selenomonadales;f__Veillonellaceae;g__Anaeroglobus;s__	0.9999995762264905
f8d7d660ef4336007263541c286b045b	d__Bacteria;p__Bacillota;c__Clostridia;o__Monoglobales;f__Monoglobaceae;g__Monoglobus;s__	0.9999874808436782
53d2351a74c69dd99f19a791c81a9370	d__Bacteria;p__Bacillota;c__Clostridia;o__Lachnospirales;f__Lachnospiraceae;g__Epulopiscium;s__	0.9999999993291624
9c4d4b6d306824a963a9ea03bf5ed140	d__Bacteria;p__Pseudomonadota;c__Gammaproteobacteria;o__Enterobacterales;f__Enterobacteriaceae;g__Escherichia-Shigella;s__	0.9711364654731967
7814c2b485cc601b885f117c70bbdf5d	d__Bacteria;p__Bacillota;c__Clostridia;o__Oscillospirales;f__Ruminococcaceae;g__Ruminococcus;s__	0.9999725550364256
2489471b3729e885a2c1ddaa10774d8e	d__Bacteria;p__Bacillota;c__Clostridia;o__Oscillospirales;f__Ruminococcaceae;g__Negativibacillus;s__	0.9999997608990868
e039554b1f3ff16d39369c5b7a2d9605	d__Bacteria;p__Bacillota;c__Clostridia;o__Lachnospirales;f__Lachnospiraceae;g__Blautia;s__	0.7200083446845694
69659d7edd60cd37bbdc9e3bb7f77431	d__Bacteria;p__Actinomycetota;c__Coriobacteriia;o__Coriobacteriales;f__Coriobacteriaceae;g__Collinsella;s__	0.9999980238153143
fa3d2114cfb8f1e6185bb490a3548733	d__Bacteria;p__Bacteroidota;c__Bacteroidia;o__Bacteroidales;f__Prevotellaceae;g__Paraprevotella;s__	0.999999985150197
c7710d6f144476667c42e65e2ec71053	d__Bacteria;p__Actinomycetota;c__Coriobacteriia;o__Coriobacteriales;f__Eggerthellaceae;g__Incertae_Sedis;s__	0.9999999716982447
bad9806ab41859949a051d4c20d23bf3	d__Bacteria;p__Bacillota;c__Clostridia;o__Lachnospirales;f__Lachnospiraceae;g__Dorea;s__	0.9834697995354407
c77e037794401694fa3e138fcea80310	d__Bacteria;p__Bacillota;c__Negativicutes;o__Veillonellales-Selenomonadales;f__Veillonellaceae;g__Veillonella;s__	0.994984995574868
6acfe69f470ceebec0cce442b1190fa9	d__Bacteria;p__Bacillota;c__Clostridia;o__Oscillospirales;f__Ruminococcaceae;g__CAG-352;s__	0.9978826607451238
f98dab4619ff896a9cee45a9b9ddc792	d__Bacteria;p__Bacillota;c__Clostridia;o__Oscillospirales;f__Oscillospiraceae;g__Intestinimonas;s__	0.968631207205614
4e42039735d5e412a6873a2fbcf92410	d__Bacteria;p__Bacteroidota;c__Bacteroidia;o__Bacteroidales;f__Tannerellaceae;g__Parabacteroides;s__	0.9999999963777668
f01ec5d5a6e93abb49aaecb9523d7a92	d__Bacteria;p__Bacillota;c__Clostridia;o__Oscillospirales;f__Ruminococcaceae;g__Faecalibacterium;s__	0.9999292306593786
55e8fd9e2a3868ef69575fcb459fc7c5	d__Bacteria;p__Bacillota;c__Clostridia;o__Lachnospirales;f__Lachnospiraceae	0.9999886656853889
72767c3837c14ece49f60644813bc728	d__Bacteria;p__Bacteroidota;c__Bacteroidia;o__Bacteroidales;f__Dysgonomonadaceae;g__Dysgonomonas;s__	0.9999999991808579
151dc3710be852488064098205bb884f	d__Bacteria;p__Bacillota;c__Clostridia;o__Oscillospirales;f__Oscillospiraceae;g__Intestinimonas;s__	0.9332551644576463
bd2ca363f08c9385869967132dfb8470	d__Bacteria;p__Bacillota;c__Negativicutes;o__Veillonellales-Selenomonadales;f__Veillonellaceae;g__Veillonella;s__	0.996856090857795
cc64693c5e56c1ffa36e0de60b4820cb	d__Bacteria;p__Bacillota;c__Clostridia;o__Lachnospirales;f__Lachnospiraceae	0.9999997359226463
b5e0a6477e69e223d49eedc2c7c1b138	d__Bacteria;p__Bacillota;c__Bacilli;o__Erysipelotrichales;f__Erysipelotrichaceae;g__[Clostridium]_innocuum_group;s__	0.9999757115173319
d8147479a31fc5a28e4f606c34ce2627	d__Bacteria;p__Bacillota;c__Clostridia;o__Clostridiales;f__Clostridiaceae;g__Clostridium;s__	0.8507551672127235
c667664df1fb6f8705f9a8a861370a72	d__Bacteria;p__Bacillota;c__Bacilli;o__Lactobacillales;f__Lactobacillaceae;g__Lactobacillus;s__	0.9999816607465368
df666cd057dd29528f002b915b8e105d	d__Bacteria;p__Bacillota;c__Negativicutes;o__Veillonellales-Selenomonadales;f__Veillonellaceae;g__Veillonella;s__	0.9837899590681325
b18d893504d87bc4f5fa46ff3229b88a	d__Bacteria;p__Bacillota;c__Clostridia;o__Lachnospirales;f__Lachnospiraceae	0.9999900717278886
4f983ab505c9e0936ecafdda621aead9	d__Bacteria;p__Bacteroidota;c__Bacteroidia;o__Bacteroidales;f__Bacteroidaceae;g__Bacteroides;s__	0.9999999951846235
e0cbdf14b6d897fcc543bcda30ecab1a	d__Bacteria;p__Pseudomonadota;c__Gammaproteobacteria;o__Enterobacterales;f__Pasteurellaceae;g__Haemophilus;s__	0.7257622876236163
96040114b5274bdb987f28c63b6b6b87	d__Bacteria;p__Bacillota;c__Clostridia;o__Lachnospirales;f__Lachnospiraceae	0.999996568138033
496d7f479392def9414da33c9137e40a	d__Bacteria;p__Bacillota;c__Clostridia;o__Lachnospirales;f__Lachnospiraceae;g__Dorea;s__	0.7840665955006052
3b2bbf917d1fbef6b0f2aedd57b80ed2	d__Bacteria;p__Bacillota;c__Clostridia;o__Lachnospirales;f__Lachnospiraceae	0.9999997914362889
05ff375f501b831cdc28113494f487b1	d__Bacteria;p__Bacillota;c__Clostridia;o__Oscillospirales;f__[Eubacterium]_coprostanoligenes_group;g__Incertae_Sedis;s__	0.9999986110077242
5ca4ec70e0319aa4e6e75595df17d8dc	d__Bacteria;p__Bacillota;c__Clostridia;o__Oscillospirales;f__Oscillospiraceae;g__UCG-005;s__	0.9917194118677676
84f2b6a96a9b99bd8fe455b19db509a5	d__Bacteria;p__Bacillota;c__Clostridia;o__Lachnospirales;f__Lachnospiraceae;g__Enterocloster;s__	0.9117787936243761
1e0296c7b89d1cd0d4d0bc8bf16822fc	d__Bacteria;p__Actinomycetota;c__Coriobacteriia;o__Coriobacteriales;f__Eggerthellaceae;g__Senegalimassilia;s__	0.9999868753160658
eae880eaa9c99650e399d9b4eb5dd3b0	d__Bacteria;p__Bacillota;c__Negativicutes;o__Veillonellales-Selenomonadales;f__Veillonellaceae;g__Veillonella;s__	0.9999999971202129
07699fa14cb8970eee5e8dda19dd5dbe	d__Bacteria;p__Bacillota;c__Clostridia;o__Lachnospirales;f__Lachnospiraceae;g__Eisenbergiella;s__	0.9994724700858871
21401b105dc53b367b8fdc0ec97a9f02	d__Bacteria;p__Pseudomonadota;c__Gammaproteobacteria;o__Burkholderiales;f__Sutterellaceae;g__Sutterella;s__	0.9999999977219289
0af7f7143766d1d0cf145b19ffdd3f43	d__Bacteria;p__Bacillota;c__Bacilli;o__Acholeplasmatales;f__Acholeplasmataceae;g__Anaeroplasma;s__	0.9999999999557332
854196b57620ef48a4a7bae87a6cbb57	d__Bacteria;p__Bacillota;c__Bacilli;o__Lactobacillales	0.9999896396615996
c7d19e18132944066131f5f138ba46f2	d__Bacteria;p__Bacillota;c__Clostridia;o__Peptostreptococcales-Tissierellales;f__Peptostreptococcaceae;g__Romboutsia;s__	0.9971671246123376
2f5aec7a7b202c2d8d6be290faa11c61	d__Bacteria;p__Bacteroidota;c__Bacteroidia;o__Bacteroidales;f__Bacteroidaceae;g__Bacteroides;s__	0.9999999947233391
edf42f357f8934fc004c334c5c7b5e6e	d__Bacteria;p__Bacteroidota;c__Bacteroidia;o__Bacteroidales;f__Prevotellaceae;g__Paraprevotella;s__	0.9999999882139718
e34bae2ab1f4c6c95ef0229dd5bc6ae9	d__Bacteria;p__Bacillota;c__Bacilli;o__Lactobacillales;f__Lactobacillaceae;g__Limosilactobacillus;s__	0.8259035458425338
a891fb44241e433fa8acf251ef4d328f	d__Bacteria;p__Bacillota;c__Clostridia;o__Lachnospirales;f__Lachnospiraceae	0.9999992290211484
4a4230232fbfa3b8cfd2cae77dc6feac	d__Bacteria;p__Actinomycetota;c__Coriobacteriia;o__Coriobacteriales;f__Coriobacteriales_Incertae_Sedis;g__Raoultibacter;s__	0.9999998476825285
d1a75593a480570277f05ec729b865de	d__Bacteria;p__Bacillota;c__Clostridia;o__Lachnospirales;f__Lachnospiraceae;g__[Ruminococcus]_gnavus_group;s__	0.9996469898224712
11b7d5a0dd0446562be236a4a9144c75	d__Bacteria;p__Bacillota;c__Clostridia;o__Oscillospirales;f__Oscillospiraceae;g__Colidextribacter;s__	0.9950489212273955
6afbda63b0750231cd586b402d745cd8	d__Bacteria;p__Bacillota;c__Clostridia;o__Lachnospirales;f__Lachnospiraceae;g__Blautia;s__	0.7272001943488332
32cd36db3b176689d81c65ddb6c17140	d__Bacteria;p__Bacillota;c__Clostridia;o__Oscillospirales;f__Oscillospiraceae	0.9999960169063249
454ff5fa8a3c6b293cea935aeb9cfb8e	d__Bacteria;p__Bacillota;c__Clostridia;o__Clostridiales;f__Clostridiaceae;g__Clostridium;s__	0.9743650071419941
df14354ec277348c54d0c9dd49eb4da0	d__Bacteria;p__Bacillota;c__Clostridia;o__Oscillospirales;f__Ruminococcaceae;g__[Eubacterium]_siraeum_group;s__	0.9999995303918291
5c74ba2a11ae3d0b382f1d1843692e02	d__Bacteria;p__Bacillota;c__Clostridia;o__Lachnospirales;f__Lachnospiraceae;g__[Ruminococcus]_gnavus_group;s__	0.999035324458809
f50508546ae13143015f8c4cb976d0e4	d__Bacteria;p__Bacillota;c__Clostridia;o__Lachnospirales;f__Lachnospiraceae;g__[Eubacterium]_ruminantium_group;s__	0.9997214465084533
f49652d00eaf0e36860806dfeffd1497	d__Bacteria;p__Cyanobacteriota;c__Vampirivibrionia;o__Gastranaerophilales;f__Gastranaerophilaceae;g__Zag_111;s__	0.9993716527623276
56bde454092279f47b556883d5909620	d__Bacteria;p__Bacillota;c__Bacilli;o__Lactobacillales;f__Streptococcaceae;g__Streptococcus;s__	0.9999294841018159
70ba7f010c09d57ed2362bd06da989eb	d__Bacteria;p__Bacillota;c__Bacilli;o__Erysipelotrichales;f__Erysipelatoclostridiaceae;g__Thomasclavelia;s__	0.9999909660140462
ac603e12c4b975609374395b148a0a79	d__Bacteria;p__Bacillota;c__Clostridia;o__Lachnospirales;f__Lachnospiraceae;g__Lactonifactor;s__	0.9928243288108561
fc9c481709d80a0dd302b2438f7ee971	d__Bacteria;p__Bacillota;c__Clostridia;o__Lachnospirales;f__Lachnospiraceae;g__Blautia;s__	0.9240355418922738
2e81e4d1a54e1636af43e46fa332ab11	d__Bacteria;p__Bacillota;c__Bacilli;o__Erysipelotrichales;f__Erysipelatoclostridiaceae;g__Massiliomicrobiota;s__	0.9851799927797442
5d08d1eb4b8a0672652dd0fc0af2dcf0	d__Bacteria;p__Bacillota;c__Clostridia;o__Oscillospirales;f__Oscillospiraceae;g__UCG-003;s__	0.9997821990756106
99bccd58aaeb00f98e22add40be6e36b	d__Bacteria;p__Bacillota;c__Clostridia;o__Peptostreptococcales-Tissierellales;f__Peptostreptococcaceae;g__Clostridioides;s__	0.97920505887176
0d116506c8bf866b0258161f295b80c8	d__Bacteria;p__Bacillota;c__Clostridia;o__Lachnospirales;f__Lachnospiraceae;g__Blautia;s__	0.8977495093722218
ab149525cad479f6599c7923acc49691	d__Bacteria;p__Bacillota;c__Clostridia;o__Lachnospirales;f__Lachnospiraceae;g__Lachnospiraceae_UCG-010;s__	0.9985339552989485
ff772f18ec3760046ea9dd413fc88de7	d__Bacteria;p__Bacillota;c__Clostridia;o__Lachnospirales;f__Lachnospiraceae;g__Mediterraneibacter;s__	0.9713018377415735
49707d04071677bffeb9de04f1bc5b90	d__Bacteria;p__Pseudomonadota;c__Gammaproteobacteria;o__Enterobacterales;f__Enterobacteriaceae	0.8355765226616169
708b000c48dbefb1454b79108d2a1f70	d__Bacteria;p__Bacillota;c__Clostridia;o__Lachnospirales;f__Lachnospiraceae	0.9999993849097393
dfba942f2d36cb6b7755f9c3b6d01ac9	d__Bacteria;p__Bacillota;c__Clostridia;o__Clostridiales;f__Clostridiaceae;g__Clostridium;s__	0.9982550845098105
5555c5bf88472f0665cb7ca770d4a5fe	d__Bacteria;p__Bacillota;c__Clostridia;o__Lachnospirales;f__Lachnospiraceae;g__Dorea;s__	0.9443500679664129
b9036fe313cc847af4a7a9d5da8316bd	d__Bacteria;p__Bacillota;c__Bacilli;o__Lactobacillales;f__Lactobacillaceae;g__Pediococcus;s__	0.9999297707224851
1dd6e3d65157205bdac9250c900655f0	d__Bacteria;p__Bacillota;c__Negativicutes;o__Veillonellales-Selenomonadales;f__Veillonellaceae;g__Dialister;s__	0.9998087283181485
b4f28264f150902936030ef29ce2a10a	d__Bacteria;p__Bacillota;c__Clostridia;o__Peptostreptococcales-Tissierellales;f__Anaerovoracaceae;g__[Eubacterium]_brachy_group;s__	0.9999983290605916
12f9203b937a20a91b08aab804b28cd9	d__Bacteria;p__Bacillota;c__Clostridia;o__Lachnospirales;f__Lachnospiraceae;g__Marvinbryantia;s__	0.7511281978433073
a333ee090a52b582e1a0e2dd776eb937	d__Bacteria;p__Bacillota;c__Bacilli;o__Erysipelotrichales;f__Erysipelatoclostridiaceae;g__Coprobacillus;s__	0.9602047160299544
4624d8b499cfebdb51299cbf4fe6d733	d__Bacteria;p__Bacillota;c__Clostridia;o__Lachnospirales;f__Lachnospiraceae	0.9999002233636602
cf57e0caecbced445113fa2455ca9e79	d__Bacteria;p__Bacillota;c__Clostridia;o__Lachnospirales;f__Lachnospiraceae;g__Catenibacillus;s__	0.8434031785912719
e5cc65338a0f1e3bad2771db04694b39	d__Bacteria;p__Bacillota;c__Bacilli;o__Lactobacillales;f__Lactobacillaceae;g__Pediococcus;s__	0.9998742446391271
3d675bc2e3ca7ae2dbd80044122f82b0	d__Bacteria;p__Bacillota;c__Clostridia;o__Oscillospirales;f__Ruminococcaceae;g__Ruminococcus;s__	0.9988618090807055
764e0d767e913941c52ff12d1eabc915	d__Bacteria;p__Bacteroidota;c__Bacteroidia;o__Bacteroidales;f__Rikenellaceae;g__Alistipes;s__	0.999999999744972
40ac3979c05fe30df6ecfaaa78ae3e9f	d__Bacteria;p__Bacillota;c__Clostridia;o__Oscillospirales;f__Butyricicoccaceae;g__UCG-009;s__	0.9999764289987563
139f3606221ee22a0da037f401753c11	d__Bacteria;p__Bacillota;c__Bacilli;o__Lactobacillales;f__Lactobacillaceae;g__Lactobacillus;s__	0.9999901120513365
ea8403c4897e45a0852866192164b325	d__Bacteria;p__Bacillota;c__Clostridia;o__Oscillospirales;f__Ruminococcaceae;g__Faecalibacterium;s__	0.9996761634791246
74d00453af710b4c6f0b311ed3e450d9	d__Bacteria;p__Bacillota;c__Bacilli;o__Lactobacillales;f__Lactobacillaceae	0.99999999970674
0a906e6d6a38cc16f01495380044a0c8	d__Bacteria;p__Bacteroidota;c__Bacteroidia;o__Bacteroidales;f__Rikenellaceae;g__Alistipes;s__	0.9999999999172076
c7e7cbf52b5ade57d3638adcf7cc379a	d__Bacteria;p__Bacillota;c__Clostridia;o__Lachnospirales;f__Lachnospiraceae;g__Anaerostipes;s__	0.9999988256273372
662a40a2523f7669fa865700fc74a1cf	d__Bacteria;p__Bacillota;c__Clostridia;o__Lachnospirales;f__Lachnospiraceae	0.9999658869113801
87baa4145e20198595f2b4ae8c024ae5	d__Bacteria;p__Fusobacteriota;c__Fusobacteriia;o__Fusobacteriales;f__Fusobacteriaceae;g__Fusobacterium;s__	0.999999999989825
a55a010c9525ce2943a553dca1421b1c	d__Bacteria;p__Bacillota;c__Clostridia;o__Lachnospirales;f__Lachnospiraceae;g__[Eubacterium]_ventriosum_group;s__	0.9969328138094918
ca228736334356da84bc09143c3fff05	d__Bacteria;p__Bacillota;c__Clostridia;o__Clostridiales;f__Clostridiaceae;g__Clostridium;s__	0.9944897192648423
74d519816d4cfb9cf4ec9605f76301d6	d__Bacteria;p__Bacillota;c__Clostridia;o__Peptostreptococcales-Tissierellales;f__Anaerovoracaceae;g__Family_XIII_UCG-001;s__	0.9983700301133351
396ffa76286336a3eeb1ea420e60f86b	d__Bacteria;p__Bacillota;c__Clostridia;o__Lachnospirales;f__Lachnospiraceae;g__Butyribacter;s__	0.9122303481889772
ed8746a919274371bea412882a1c6bb5	d__Bacteria;p__Bacillota;c__Clostridia;o__Lachnospirales;f__Lachnospiraceae;g__Extibacter;s__	0.9885509850476644
9e1f282914b07cd79711ce21e7cf4aff	d__Bacteria;p__Bacillota;c__Clostridia;o__Lachnospirales;f__Lachnospiraceae;g__[Eubacterium]_eligens_group;s__	0.999948158797773
36c3c3e931ebb36c143c46739b848668	d__Bacteria;p__Bacillota;c__Clostridia;o__Lachnospirales;f__Lachnospiraceae;g__GCA-900066575;s__	0.9952986922895879
a08e028e952d23166b1e7380f41ccca1	d__Bacteria;p__Bacillota;c__Clostridia;o__Peptostreptococcales-Tissierellales;f__Peptostreptococcaceae;g__Romboutsia;s__	0.9973755401072602
ca647fe90e501808421954e5fbf9faa6	d__Bacteria;p__Bacillota;c__Clostridia;o__Peptostreptococcales-Tissierellales;f__Peptostreptococcaceae;g__Peptostreptococcus;s__	0.9999999531630988
b5a69fb7a66fdb2bf437bd286b439706	d__Bacteria;p__Bacteroidota;c__Bacteroidia;o__Bacteroidales;f__Rikenellaceae;g__Alistipes;s__	0.9999999919681528
ba64f4fa502258a89d2b7468af3cbb28	d__Bacteria;p__Bacillota;c__Bacilli;o__Erysipelotrichales;f__Erysipelatoclostridiaceae;g__Longibaculum;s__	0.9997767091343821
16adc68bae4d98a05d6a268956eddf7a	d__Bacteria;p__Bacteroidota;c__Bacteroidia;o__Bacteroidales;f__Bacteroidaceae;g__Bacteroides;s__	0.9999999990842809
e889880b1157bebf05922692774ac7bb	d__Bacteria;p__Bacillota;c__Clostridia;o__Lachnospirales;f__Lachnospiraceae;g__Coprococcus;s__	0.8705485029431651
06f825b512d903b9230e1a55d87359ee	d__Bacteria;p__Bacillota;c__Bacilli;o__Lactobacillales;f__Streptococcaceae;g__Streptococcus;s__	0.9994973080020205
289fee43bbd7527b27f704a42c89be0e	d__Bacteria;p__Bacillota;c__Clostridia;o__Lachnospirales;f__Lachnospiraceae	0.9999890493601582
bc2df99e72521775a2ae550c50356f1a	d__Bacteria;p__Bacteroidota;c__Bacteroidia;o__Bacteroidales;f__Tannerellaceae;g__Parabacteroides;s__	0.9994292988670311
2fb5a4a7d5e419920ec9257327a118ca	d__Bacteria;p__Bacillota;c__Bacilli;o__Erysipelotrichales;f__Erysipelotrichaceae;g__Holdemania;s__	0.999999708745406
f4d343ce09801b58c0ea30e46c73fc64	d__Bacteria;p__Bacillota;c__Clostridia;o__Lachnospirales;f__Lachnospiraceae;g__Anaerostipes;s__	0.9999964888025769
1a3af659e20f20ba69ce3ed6080723de	d__Bacteria;p__Bacillota;c__Clostridia;o__Lachnospirales;f__Lachnospiraceae;g__Fusicatenibacter;s__	0.7208261503561113
de68af3f62b2b04e42f894e18839bb57	d__Bacteria;p__Bacillota;c__Bacilli;o__Erysipelotrichales;f__Erysipelotrichaceae;g__Dielma;s__	0.9999999857163858
6ec1023583647a401269990c4e8ad716	d__Bacteria;p__Bacillota;c__Clostridia;o__Lachnospirales;f__Lachnospiraceae;g__Lachnospira;s__	0.9998337562412136
fc3c73149474eb7a8512622cd9501c89	d__Bacteria;p__Bacillota;c__Bacilli;o__Lactobacillales;f__Lactobacillaceae;g__Ligilactobacillus;s__	0.9998128103198871
2561183f1e1ed26ec4289c703664fd27	d__Bacteria;p__Bacillota;c__Clostridia;o__Lachnospirales;f__Lachnospiraceae	0.999999169105852
ab0b2d18d84a9784cca770c285e56029	d__Bacteria;p__Bacillota;c__Clostridia;o__Lachnospirales;f__Lachnospiraceae;g__Lachnospiraceae_NK4A136_group;s__	0.7115017163769284
6060ab7de2d1453c33078b430a7b987d	d__Bacteria;p__Bacillota;c__Clostridia;o__Lachnospirales;f__Lachnospiraceae;g__Caecibacterium;s__	0.9999864203539814
22b3c70cdfb1714224e1bf8a6314bee9	d__Bacteria;p__Bacillota;c__Clostridia;o__Peptostreptococcales-Tissierellales;f__Family_XI;g__Finegoldia;s__	0.9999999998405542
5c211fd3941a65d625dafb8fec6f20d5	d__Bacteria;p__Bacillota;c__Clostridia;o__Lachnospirales;f__Lachnospiraceae;g__Extibacter;s__	0.9567902627576889
e59bbe6ee7ed0ed1ef1756cdf2d8f630	d__Bacteria;p__Bacillota;c__Bacilli;o__Lactobacillales;f__Lactobacillaceae;g__Ligilactobacillus;s__	0.9993365206634016
db1e70d7da230f7de3ddf916929ddfeb	d__Bacteria;p__Bacillota;c__Clostridia;o__Lachnospirales;f__Lachnospiraceae;g__Blautia;s__	0.8497745548836562
32cc17e12d08b4011ab0ec8c393fd12c	d__Bacteria;p__Bacillota;c__Clostridia;o__Oscillospirales;f__Oscillospiraceae;g__UCG-002;s__	0.999030007384457
73cd1c10175eb846badd2f34bd86dd08	d__Bacteria;p__Bacillota;c__Clostridia;o__Oscillospirales;f__Oscillospiraceae;g__Intestinimonas;s__	0.989784763749074
ba1e3f0141c4d62b33ce0f4aab67e09e	d__Bacteria;p__Bacillota;c__Clostridia;o__Clostridiales;f__Clostridiaceae;g__Clostridium;s__	0.877590992062412
cd4eb72eb2b9bc9a06ed47ca6db0c73c	d__Bacteria;p__Bacillota;c__Clostridia;o__Lachnospirales;f__Lachnospiraceae;g__[Ruminococcus]_gauvreauii_group;s__	0.9784670017891465
1b5d50e4ae6a2cb153f3b2ca04699419	d__Bacteria;p__Bacillota;c__Clostridia;o__Lachnospirales;f__Lachnospiraceae;g__[Eubacterium]_ventriosum_group;s__	0.9995129690698132
90172aa13aa16cc5776df1ea10660ae1	d__Bacteria;p__Bacillota;c__Clostridia;o__Lachnospirales;f__Lachnospiraceae;g__Fusicatenibacter;s__	0.9991534032270468
b0b4dde3991e8da02f84cf77e5a35d63	d__Bacteria;p__Campylobacterota;c__Campylobacteria;o__Campylobacterales;f__Campylobacteraceae;g__Campylobacter;s__	0.9999998263446352
651895d0c2c7a66a35b3a6a7d2ee15e5	d__Bacteria;p__Bacillota;c__Negativicutes;o__Veillonellales-Selenomonadales;f__Veillonellaceae;g__Veillonella;s__	0.9999999889767395
932965d7ed2166402b521fea7a1029a4	d__Bacteria;p__Bacillota;c__Clostridia;o__Lachnospirales;f__Lachnospiraceae;g__Blautia;s__	0.8475821410821852
953e993a5be713c206ed211b03ea4d07	d__Bacteria;p__Bacillota;c__Clostridia;o__Lachnospirales;f__Lachnospiraceae;g__Faecalimonas;s__	0.8624668895783679
4850a238b7fbbd5ffa204c5a5a396f2c	d__Bacteria;p__Pseudomonadota;c__Gammaproteobacteria;o__Enterobacterales;f__Hafniaceae;g__Hafnia-Obesumbacterium;s__	0.9513076729099924
a5a4b4d58bdd795871acf39629c9e584	d__Bacteria;p__Bacillota;c__Clostridia;o__Lachnospirales;f__Lachnospiraceae	0.9999618379395915
4a0b292ba716582f9af46694458c0b9b	d__Bacteria;p__Cyanobacteriota;c__Cyanobacteriia;o__Chloroplast;f__Incertae_Sedis;g__Incertae_Sedis;s__	0.9999999999753726
31d816e59f48032aa89408dafd950533	d__Bacteria;p__Bacillota;c__Clostridia;o__Lachnospirales;f__Lachnospiraceae	0.9999999006275408
2bd9309f2f97cae51d18d06ea1ca519a	d__Bacteria;p__Bacillota;c__Bacilli;o__Lactobacillales;f__Carnobacteriaceae;g__Granulicatella;s__	0.7265354965542027
df131b9e3b51f11d7d6ab39a04f74a0c	d__Bacteria;p__Bacillota;c__Clostridia;o__Lachnospirales;f__Lachnospiraceae;g__Faecalimonas;s__	0.9345733888034258
821130ba72e86c335c55c269f31db0d0	d__Bacteria;p__Bacillota;c__Clostridia;o__Clostridiales;f__Clostridiaceae;g__Clostridium;s__	0.9610219898207143
98143d3e3cd541c0028117de28d58c8c	d__Bacteria;p__Bacillota;c__Clostridia;o__Lachnospirales;f__Lachnospiraceae;g__Sellimonas;s__	0.9740013958759706
79c28c77327e355fb81dce890c619793	d__Bacteria;p__Bacillota;c__Clostridia;o__Lachnospirales;f__Lachnospiraceae;g__Sellimonas;s__	0.9797349794009653
b2574632cd105083065793a728d40c81	d__Bacteria;p__Bacillota;c__Clostridia;o__Peptostreptococcales-Tissierellales;f__Family_XI;g__Peptoniphilus;s__	0.9999999999997442
7b6b1061c5015981f17a06c394aad1b6	d__Bacteria;p__Bacillota;c__Clostridia;o__Lachnospirales;f__Lachnospiraceae;g__Sellimonas;s__	0.9856646989913961
4a11095c40e228abba0818d973b25da9	d__Bacteria;p__Bacillota;c__Bacilli;o__Lactobacillales;f__Lactobacillaceae;g__Lactiplantibacillus;s__	0.9256846676719295
b726627e18f29e0da5289f81ca294f92	d__Bacteria;p__Bacillota;c__Clostridia;o__Oscillospirales;f__Ruminococcaceae;g__Gemmiger;s__	0.9672383129114241
c2214f5c48ce111caeeb8f928ca5b648	d__Bacteria;p__Bacillota;c__Clostridia;o__Peptostreptococcales-Tissierellales;f__Anaerovoracaceae;g__Family_XIII_AD3011_group;s__	0.954819614487444
3f9afe17105dd0c33bf41ce08824f362	d__Bacteria;p__Bacillota;c__Clostridia;o__Oscillospirales;f__Butyricicoccaceae;g__Agathobaculum;s__	0.9968226431042638
5225de25bf8902d5a02c4af6e90cb5e8	d__Bacteria;p__Bacillota;c__Clostridia;o__Lachnospirales;f__Lachnospiraceae;g__[Ruminococcus]_gauvreauii_group;s__	0.8270438481737155
aae4c4ed528ae16ec417df816699cfdb	d__Bacteria;p__Bacillota;c__Clostridia;o__Oscillospirales;f__Oscillospiraceae;g__UCG-005;s__	0.999605251022726
8703e95fbf4d5c8fd088fb98382c5703	d__Bacteria;p__Pseudomonadota;c__Gammaproteobacteria;o__Burkholderiales;f__Sutterellaceae;g__Sutterella;s__	0.999267726349115
b4c3ed4c8c7356fad3cc555eed1e5bde	d__Bacteria;p__Bacillota;c__Clostridia;o__Clostridiales;f__Clostridiaceae;g__Clostridium;s__	0.9858662705024714
19715b1593c19aa6d35a4d1e3cd09374	d__Bacteria;p__Bacillota;c__Clostridia;o__Lachnospirales;f__Lachnospiraceae;g__Lachnospiraceae_UCG-004;s__	0.9951584768541436
d68fecb0ebc69df1d29d487a52def3a7	d__Bacteria;p__Bacteroidota;c__Bacteroidia;o__Bacteroidales;f__Tannerellaceae;g__Parabacteroides;s__	0.9896960484422985
4bd01f90398375480101204bbcdd2ceb	d__Bacteria;p__Bacillota;c__Clostridia;o__Oscillospirales;f__Oscillospiraceae;g__UCG-005;s__	0.9889484403878452
20e5e4f379b70d0a78ea6b1957180261	d__Bacteria;p__Bacillota;c__Clostridia;o__Lachnospirales;f__Lachnospiraceae;g__Anaerobutyricum;s__	0.999604162948642
b07af5f863fb0c1c6672a4b4980faa2d	d__Bacteria;p__Bacillota;c__Clostridia;o__Lachnospirales;f__Lachnospiraceae;g__Enterocloster;s__	0.7840946988264577
96cf4779be686036f92ee15e58b72d52	d__Bacteria;p__Bacillota;c__Negativicutes;o__Acidaminococcales;f__Acidaminococcaceae;g__Phascolarctobacterium;s__	0.9999997429767592
689a7bbbb932d7be2fa6b6f63dd0870e	d__Bacteria;p__Actinomycetota;c__Actinobacteria;o__Bifidobacteriales;f__Bifidobacteriaceae;g__Alloscardovia;s__	0.9999996105447527
66d52980b89962a872d986af08dc5f08	d__Bacteria;p__Bacillota;c__Clostridia;o__Oscillospirales;f__Ruminococcaceae;g__Faecalibacterium;s__	0.9995021314176291
612fa252045b7cb91b6e94be79b263ca	d__Bacteria;p__Bacillota;c__Clostridia;o__Lachnospirales;f__Lachnospiraceae	0.9999960523988183
cd2378c490495c3b8cf61afd44872b33	d__Bacteria;p__Bacillota;c__Clostridia;o__Clostridiales;f__Clostridiaceae;g__Clostridium;s__	0.9944092242638187
7e3b8b7b0d15a65eafaf2c871d55906b	d__Bacteria;p__Bacillota;c__Clostridia;o__Oscillospirales;f__[Eubacterium]_coprostanoligenes_group;g__Incertae_Sedis;s__	0.9999980397682463
4bdbaae586dedec92168f93266de0979	d__Bacteria;p__Bacillota;c__Clostridia;o__Christensenellales;f__Christensenellaceae;g__Christensenellaceae_R-7_group;s__	0.9840804916547985
0b4aeb45916a24fd10e3655fe6481966	d__Bacteria;p__Bacillota;c__Clostridia;o__Christensenellales;f__Christensenellaceae	0.9200478068843995
0bdf3f2cad45e6fe99d591955fa73d65	d__Bacteria;p__Bacillota;c__Bacilli;o__Lactobacillales;f__Lactobacillaceae;g__Lactiplantibacillus;s__	0.8559603140825327
5c4fd1d0cbe7b43a93c2ed9286af0847	d__Bacteria;p__Bacillota;c__Clostridia;o__Oscillospirales;f__Oscillospiraceae;g__Flavonifractor;s__	0.9974496745200695
fa7eda6956a9c674f73d1ab0e7e2964f	d__Bacteria;p__Bacillota;c__Clostridia;o__Lachnospirales;f__Lachnospiraceae	0.9999955773120643
d515ae0a0b58aa13869a5966a80c98a9	d__Bacteria;p__Bacillota;c__Clostridia;o__Lachnospirales;f__Lachnospiraceae	0.9999577399654176
6783b50a3968c78af556fe40622005e7	d__Bacteria;p__Bacillota;c__Clostridia;o__Lachnospirales;f__Lachnospiraceae;g__Blautia;s__	0.9718497603309247
7c3d7711fd15460714ece118b35c0576	d__Bacteria;p__Bacillota;c__Clostridia;o__Oscillospirales;f__Ruminococcaceae;g__Anaerotruncus;s__	0.9997577559212323
8a80b5cf4ed21ee1617aa27d0542d4a2	d__Bacteria;p__Bacillota;c__Clostridia;o__Oscillospirales;f__Oscillospiraceae;g__UCG-005;s__	0.9398865343138755
2f948c6973ed0be6082ebb9e8075823b	d__Bacteria;p__Bacillota;c__Bacilli;o__Lactobacillales;f__Lactobacillaceae;g__Limosilactobacillus;s__	0.7378084242906099
3120660c883750285d85c12f7d898f67	d__Bacteria;p__Bacillota;c__Clostridia;o__Oscillospirales;f__Oscillospiraceae;g__Oscillibacter;s__	0.9999834742455388
5615602cfa7735cf5d9ea26816627683	d__Bacteria;p__Bacillota;c__Clostridia;o__Lachnospirales;f__Lachnospiraceae;g__Blautia;s__	0.88050000322919
987a3526deef9e16540125cc3996ac98	d__Bacteria;p__Bacillota;c__Negativicutes;o__Veillonellales-Selenomonadales;f__Veillonellaceae;g__Veillonella;s__	0.99999995342104
0a035a7ec1f4a194dd7fbda3c5660db0	d__Bacteria;p__Bacillota;c__Clostridia;o__Lachnospirales;f__Lachnospiraceae;g__Enterocloster;s__	0.9849992640891928
b41c7ba94a59effb92f78b9db681e3b8	d__Bacteria;p__Pseudomonadota;c__Gammaproteobacteria;o__Enterobacterales;f__Enterobacteriaceae	0.8606177924726882
786ac804606bfdd5f025ea7dbb73d40f	d__Bacteria;p__Bacillota;c__Clostridia;o__Peptostreptococcales-Tissierellales;f__Peptostreptococcaceae;g__Romboutsia;s__	0.9985043750881994
c9487a3260aac1c2c358a02bf68935bf	d__Bacteria;p__Bacillota;c__Clostridia;o__Lachnospirales;f__Lachnospiraceae;g__UC5-1-2E3;s__	0.8569137721058653
dcec5e95ef4b1dc74b121b232d0968af	d__Bacteria;p__Bacillota;c__Clostridia;o__Christensenellales;f__Christensenellaceae;g__Christensenellaceae_R-7_group;s__	0.9911633244821666
28304d6ed795ad15759fcac6b3364c8c	d__Bacteria;p__Bacteroidota;c__Bacteroidia;o__Bacteroidales;f__Bacteroidaceae;g__Bacteroides;s__	0.9999999986503667
f844fb3a434bf8b9cada45482034d41b	d__Bacteria;p__Bacillota;c__Clostridia;o__Lachnospirales;f__Lachnospiraceae;g__Blautia;s__	0.9538238801846067
4abb86c00851161a3cad815849b79ad4	d__Bacteria;p__Bacillota;c__Clostridia;o__Clostridia_UCG-014;f__Incertae_Sedis;g__Incertae_Sedis;s__	0.9999999987089012
1b9ab7ba8573cbfe5f1a9f59f0b38ff4	d__Bacteria;p__Actinomycetota;c__Coriobacteriia;o__Coriobacteriales;f__Eggerthellaceae;g__Asaccharobacter;s__	0.8810606715372241
3f6dce06719bb11b6b9bbb8f2c8a5644	d__Bacteria;p__Bacillota;c__Clostridia;o__Oscillospirales;f__Butyricicoccaceae;g__Agathobaculum;s__	0.9944233788400784
ee6f1ad3007b7380824da57876e6c8c3	d__Bacteria;p__Bacillota;c__Clostridia;o__Oscillospirales;f__Oscillospiraceae;g__UCG-005;s__	0.9837932131834514
52d998a538496179968dec55950d1516	d__Bacteria;p__Pseudomonadota;c__Gammaproteobacteria;o__Burkholderiales;f__Neisseriaceae;g__Eikenella;s__	0.8596030527331052
6ba2be1b2493b979d86f6cd85a945a42	d__Bacteria;p__Bacillota;c__Clostridia;o__Lachnospirales;f__Lachnospiraceae;g__Anaerostipes;s__	0.9999051771305707
ea52488235f530227f65a4c6e3b27aab	d__Bacteria;p__Bacillota;c__Clostridia;o__Oscillospirales;f__Oscillospiraceae;g__Intestinimonas;s__	0.9603565534926385
1a069ea36017c7efc95d851374fa7382	d__Bacteria;p__Bacillota;c__Bacilli;o__Lactobacillales;f__Lactobacillaceae;g__Limosilactobacillus;s__	0.8163660046968388
769723e5a9c6312f2ee3ab2781ac8ad6	d__Bacteria;p__Bacillota;c__Clostridia;o__Lachnospirales;f__Lachnospiraceae;g__Shuttleworthia;s__	0.994503540878874
d66a57b9db06f512e9c5f5e353a5a3dc	d__Bacteria;p__Bacillota;c__Clostridia;o__Lachnospirales;f__Lachnospiraceae;g__Epulopiscium;s__	0.9999999980101393
c0c1bd1da8389f2cca31828f538f616c	d__Bacteria;p__Bacillota;c__Clostridia;o__Lachnospirales;f__Lachnospiraceae;g__Mediterraneibacter;s__	0.9278674929973312
39c746e6698d4935484f50bf45508965	d__Bacteria;p__Bacillota;c__Clostridia;o__Oscillospirales;f__Oscillospiraceae;g__NK4A214_group;s__	0.9449030714424489
5f25904e073fe5c114cadfde74349518	d__Bacteria;p__Bacillota;c__Clostridia;o__Lachnospirales;f__Lachnospiraceae;g__Lachnospiraceae_UCG-004;s__	0.9886009280844512
7a6a394fe7285b50ee54b56f316a3944	d__Bacteria;p__Bacteroidota;c__Bacteroidia;o__Bacteroidales;f__Rikenellaceae;g__Alistipes;s__	0.9999999999886029
1636df577567be4aadea8383b4af2b86	d__Bacteria;p__Bacteroidota;c__Bacteroidia;o__Bacteroidales;f__Muribaculaceae;g__Incertae_Sedis;s__	0.9999966799483933
d562f63f002b432f6632e40415b8c57f	d__Bacteria;p__Thermodesulfobacteriota;c__Desulfovibrionia;o__Desulfovibrionales;f__Desulfovibrionaceae;g__Bilophila;s__	0.9999996115895201
91cad3d259141bcf08c404cc8921506b	d__Bacteria;p__Bacillota;c__Clostridia;o__Lachnospirales;f__Lachnospiraceae;g__Blautia;s__	0.7964742763780369
136c5635e656dd4855eda2af780d50d1	d__Bacteria;p__Bacillota;c__Clostridia;o__Peptostreptococcales-Tissierellales;f__Peptostreptococcaceae;g__Intestinibacter;s__	0.9580691000618701
5938289932a707a9b5e06e4e0f6d2eb4	d__Bacteria;p__Bacillota;c__Clostridia;o__Oscillospirales;f__Oscillospiraceae;g__NK4A214_group;s__	0.9986968273701187
d56a51955fdb459d451efeee630a83ba	d__Bacteria;p__Bacillota;c__Bacilli;o__Lactobacillales;f__Lactobacillaceae;g__Ligilactobacillus;s__	0.9946142075661427
139e832c69fb177d68bb0f5cb8594845	d__Bacteria;p__Campylobacterota;c__Campylobacteria;o__Campylobacterales;f__Campylobacteraceae;g__Campylobacter;s__	0.9999999999981242
5aa50a4025b2c19113987f6a8da2e395	d__Bacteria;p__Bacillota;c__Clostridia;o__Christensenellales;f__Christensenellaceae;g__Christensenella;s__	0.999997168102413
9904009a0e14e24b0a6e25eeeeff3e95	d__Bacteria;p__Bacillota;c__Clostridia;o__Oscillospirales;f__Oscillospiraceae;g__Colidextribacter;s__	0.864317490071104
c78d813cd88bf015afb1aa393afed11b	d__Bacteria;p__Pseudomonadota;c__Gammaproteobacteria;o__Enterobacterales;f__Pectobacteriaceae	0.8626585806053227
39c6d814c12a3c89174161dbab51e99a	d__Bacteria;p__Bacillota;c__Negativicutes;o__Veillonellales-Selenomonadales;f__Veillonellaceae;g__Veillonella;s__	0.9999999983040482
d4454a4ebd63a8e375dadd2632588f59	d__Bacteria;p__Bacillota;c__Clostridia;o__Oscillospirales;f__Ruminococcaceae	0.9393471313722273
9282e20164736c7ada9bd98d04654b5e	d__Bacteria;p__Pseudomonadota;c__Gammaproteobacteria;o__Burkholderiales;f__Sutterellaceae;g__Sutterella;s__	0.9999541338964606
1f5265cb1a10c92a2aa25ccc9feaa06d	d__Bacteria;p__Bacillota;c__Clostridia;o__Lachnospirales;f__Lachnospiraceae;g__Blautia;s__	0.9862815446257038
ba60b411ea20ff6530909d7ec892cb75	d__Bacteria;p__Bacillota;c__Bacilli;o__Erysipelotrichales;f__Erysipelotrichaceae;g__[Clostridium]_innocuum_group;s__	0.9999329371330142
1bc1f0e94c2e5c3f32e5b2746769efb4	d__Bacteria;p__Bacillota;c__Clostridia;o__Clostridia_UCG-014;f__Incertae_Sedis;g__Incertae_Sedis;s__	0.999999994937312
b452284fca181520c11d087351ff43df	d__Bacteria;p__Bacteroidota;c__Bacteroidia;o__Bacteroidales;f__Marinifilaceae;g__Butyricimonas;s__	0.9999999999999574
b1479e74e93e243fc221f7c8b415f507	d__Bacteria;p__Bacillota;c__Clostridia;o__Lachnospirales;f__Lachnospiraceae	0.9999986950312985
d030e25bdceb2b3b7eadfbcbc59e0095	d__Bacteria;p__Bacillota;c__Bacilli;o__Lactobacillales;f__Streptococcaceae;g__Streptococcus;s__	0.9997501290104122
d6a526b572996ed919a3e009473bc860	d__Bacteria;p__Bacillota;c__Bacilli;o__Lactobacillales;f__Lactobacillaceae;g__Latilactobacillus;s__	0.9223721971392528
f0e5268a1e321cec6068b1576162b042	d__Bacteria;p__Bacillota;c__Clostridia;o__Oscillospirales;f__Oscillospiraceae;g__Intestinimonas;s__	0.9705153648075368
5cbba1ec821d0d64b7e66f992ea80a4e	d__Bacteria;p__Bacteroidota;c__Bacteroidia;o__Bacteroidales;f__Marinifilaceae;g__Odoribacter;s__	0.9999999999998153
7fb08fa9b7b2eef6a3db57d0de769227	d__Bacteria;p__Bacillota;c__Clostridia;o__Peptostreptococcales-Tissierellales;f__Family_XI;g__Peptoniphilus;s__	0.9999999999992184
cca8bf9a60c7c98dfe391e3c06e32d7a	d__Bacteria;p__Bacillota;c__Negativicutes;o__Veillonellales-Selenomonadales;f__Veillonellaceae;g__Veillonella;s__	0.9999999937522119
9ab553159491916f7ec21d283f82e7df	d__Bacteria;p__Bacillota;c__Clostridia;o__Lachnospirales;f__Lachnospiraceae	0.9999888900378555
d5278c84ceca328330b2b932c3e705bd	d__Bacteria;p__Bacillota;c__Clostridia;o__Oscillospirales;f__Ruminococcaceae;g__Incertae_Sedis;s__	0.8823999444928134
d37c35f73fc21285f14723633ad2fbcd	d__Bacteria;p__Pseudomonadota;c__Gammaproteobacteria;o__Burkholderiales;f__Sutterellaceae;g__Sutterella;s__	0.9999999768872956
25b60da8f1af462e61067fc3545e8efb	d__Bacteria;p__Bacillota;c__Clostridia;o__Lachnospirales;f__Lachnospiraceae;g__Mediterraneibacter;s__	0.9244589874121818
c0044f57ec04cd70905d690c5b7bd147	d__Bacteria;p__Bacillota;c__Clostridia;o__Lachnospirales;f__Lachnospiraceae;g__Coprococcus;s__	0.9956689658207423
3525e8f55cd3355cc02bb9df648623e2	d__Bacteria;p__Bacillota;c__Clostridia;o__Lachnospirales;f__Lachnospiraceae;g__Blautia;s__	0.8664306481870592
42060670426da942e8158ded54478b51	d__Bacteria;p__Bacillota;c__Clostridia;o__Lachnospirales;f__Lachnospiraceae;g__Sellimonas;s__	0.9807230305449742
5e50a007ea9a7f83275157c158916fcc	d__Bacteria;p__Bacteroidota;c__Bacteroidia;o__Bacteroidales;f__Rikenellaceae;g__Alistipes;s__	0.9999995373448987
c50f8f7363e0d4ae85b7fb73b42716c4	d__Bacteria;p__Bacillota;c__Clostridia;o__Lachnospirales;f__Lachnospiraceae	0.9999981619981059
5d66e4011eca075a126ddc7ef27f5595	d__Bacteria;p__Bacillota;c__Clostridia;o__Lachnospirales;f__Lachnospiraceae;g__Enterocloster;s__	0.9887442527780647
d8e9fc83a141d99fdf94970c85e4567f	d__Bacteria;p__Bacillota;c__Clostridia;o__Peptostreptococcales-Tissierellales;f__Peptostreptococcaceae;g__Intestinibacter;s__	0.9897917662587375
e74d789f2a7651f2fa6395eba80d223d	d__Bacteria;p__Bacillota;c__Clostridia;o__Lachnospirales;f__Lachnospiraceae	0.9999995143856452
ac4274f46d9ec670be0cfb4126304a8d	d__Bacteria;p__Bacillota;c__Clostridia;o__Oscillospirales;f__Oscillospiraceae;g__Oscillibacter;s__	0.9999286261728823
b9b73ca8379da3aa3f5f126e7e1ab70c	d__Bacteria;p__Bacillota;c__Bacilli;o__Erysipelotrichales;f__Erysipelatoclostridiaceae;g__Thomasclavelia;s__	0.9974039971266168
7ad394d61d61a814631950655009d828	d__Bacteria;p__Bacillota;c__Clostridia;o__Lachnospirales;f__Lachnospiraceae;g__Catenibacillus;s__	0.9847003283685916
df290d9760a79d7ee396f3e81e5f0872	d__Bacteria;p__Bacillota;c__Clostridia;o__Lachnospirales;f__Lachnospiraceae;g__Anaerobutyricum;s__	0.9999988276552239
645ad704bb17e791a05ee9cf57bfdcb6	d__Bacteria;p__Bacillota;c__Clostridia;o__Lachnospirales;f__Lachnospiraceae;g__Sellimonas;s__	0.9999110216335008
85c44c83eddc5d3028261a1000b7d0e1	d__Bacteria;p__Bacillota;c__Bacilli;o__Staphylococcales;f__Gemellaceae;g__Gemella;s__	0.9999999764344241
8e30d90ab88e96a55d9f006af4c56f38	d__Bacteria;p__Bacillota;c__Clostridia;o__Clostridiales;f__Clostridiaceae;g__Clostridium;s__	0.9898764114027786
33ddca6781100b91d670de9a543e5aa7	d__Bacteria;p__Bacillota;c__Clostridia;o__Lachnospirales;f__Lachnospiraceae;g__Shuttleworthia;s__	0.9580617930295208
deeae5ebd73410f1931afba21ddc5f63	d__Bacteria;p__Bacillota;c__Clostridia;o__Lachnospirales;f__Lachnospiraceae;g__Extibacter;s__	0.7144787938134028
ca72a089674006d2e9cade617df3d5d7	d__Bacteria;p__Actinomycetota;c__Coriobacteriia;o__Coriobacteriales;f__Eggerthellaceae;g__Gordonibacter;s__	0.999971373075385
d676e025fb7484f8c8f79dc642805d70	d__Bacteria;p__Pseudomonadota;c__Gammaproteobacteria;o__Enterobacterales	0.9999999970035592
13e5e67a2599db5c3cdfa82c4c9ea6fd	d__Bacteria;p__Bacillota;c__Clostridia;o__Oscillospirales;f__Oscillospiraceae;g__NK4A214_group;s__	0.8601972282768836
47f770032218f91b352999ff1f663807	d__Bacteria;p__Bacillota;c__Clostridia;o__Lachnospirales;f__Lachnospiraceae	0.9999996709368815
c90bb9a9b69bc7b89e1f071343185a3e	d__Bacteria;p__Bacillota;c__Negativicutes;o__Acidaminococcales;f__Acidaminococcaceae;g__Succinispira;s__	0.9999804857846122
b4cf81c7acfe279300da8fd8a8ee9ab2	d__Bacteria;p__Bacillota;c__Clostridia;o__Peptostreptococcales-Tissierellales;f__Anaerovoracaceae;g__[Eubacterium]_brachy_group;s__	0.9205929902630146
5da7c0bed285f1f8183dd5122446a371	d__Bacteria;p__Bacillota;c__Clostridia;o__Lachnospirales;f__Lachnospiraceae;g__Dorea;s__	0.9636690779312356
bc02096829b47ea705b1410110098ddc	d__Bacteria;p__Bacillota;c__Clostridia;o__Clostridiales;f__Clostridiaceae;g__Clostridium;s__	0.9675154651405076
1f761e94c83ae87caff68f7dcd11e34c	d__Bacteria;p__Bacillota;c__Clostridia;o__Peptostreptococcales-Tissierellales;f__Family_XI;g__Parvimonas;s__	0.999999963270725
cd3ae90584ca3993c86ea5dc7ca5d9fd	d__Bacteria;p__Bacillota;c__Clostridia;o__Clostridiales;f__Clostridiaceae;g__Sarcina;s__	0.9940685766134215
f117f249f9d1425f4ecfc792bd51c3f9	d__Bacteria;p__Bacillota;c__Negativicutes;o__Veillonellales-Selenomonadales;f__Selenomonadaceae;g__Selenomonas;s__	0.9993838058056169
16d13ed513218adc8b205a10b716e08c	d__Bacteria;p__Cyanobacteriota;c__Cyanobacteriia;o__Chloroplast;f__Incertae_Sedis;g__Incertae_Sedis;s__	0.9999999999677982
55f1425dbc00e661ff9db229421170cc	d__Bacteria;p__Bacillota;c__Clostridia;o__Lachnospirales;f__Lachnospiraceae;g__Anaerobutyricum;s__	0.9999992380675369
deba3ff7f7e05cdf6e1c4c8e5aa22d6d	d__Bacteria;p__Bacillota;c__Clostridia;o__Clostridia_UCG-014;f__Incertae_Sedis;g__Incertae_Sedis;s__	0.9999999993749782
ebebb5d11427e90b78b33f05cea24937	d__Bacteria;p__Bacillota;c__Clostridia;o__Lachnospirales;f__Lachnospiraceae;g__Cellulosilyticum;s__	0.9999999999656808
ab1e4aeddde9eb4e80144c135051d941	d__Bacteria;p__Bacillota;c__Clostridia;o__Eubacteriales;f__Anaerofustaceae;g__Anaerofustis;s__	0.9999999998234728
0be2b2840d439b1b8548e8010f8310e5	d__Bacteria;p__Bacillota;c__Clostridia;o__Peptostreptococcales-Tissierellales;f__Anaerovoracaceae;g__Family_XIII_AD3011_group;s__	0.9970836690976732
7c104699e795bbf45f90fceac906e6b4	d__Bacteria;p__Bacillota;c__Clostridia;o__Christensenellales;f__Christensenellaceae;g__Christensenellaceae_R-7_group;s__	0.8615953771320564
f31544656066e44a96192ed782fc0844	d__Bacteria;p__Bacillota;c__Clostridia;o__Lachnospirales;f__Lachnospiraceae	0.9999622791717147
963eff531673e1aa3a6b54db94920693	d__Bacteria;p__Bacillota;c__Clostridia;o__Peptostreptococcales-Tissierellales;f__Anaerovoracaceae;g__[Eubacterium]_brachy_group;s__	0.9998802342382365
8ee04accfb5695ec1e26463487a9610f	d__Bacteria;p__Bacillota;c__Clostridia;o__Lachnospirales;f__Lachnospiraceae;g__[Ruminococcus]_gnavus_group;s__	0.9995761357376723
d611e03044e800bf023cfc92bec2106a	d__Bacteria;p__Bacteroidota;c__Bacteroidia;o__Bacteroidales;f__Marinifilaceae;g__Butyricimonas;s__	0.9999999999999005
41c54ddeccb5d2627a87232277c53792	d__Bacteria;p__Bacillota;c__Clostridia;o__Oscillospirales;f__Ruminococcaceae	0.9693553667532335
4ded949417605dc274af460e82bdf8ee	d__Bacteria;p__Pseudomonadota;c__Gammaproteobacteria;o__Enterobacterales;f__Enterobacteriaceae	0.8131805448981043
63afe8e6aac58bf0d670a82ca5bc574c	d__Bacteria;p__Pseudomonadota;c__Gammaproteobacteria;o__Enterobacterales;f__Yersiniaceae	0.7746503431915241
ce7259b9e793f652dba0589910ba9e55	d__Bacteria;p__Cyanobacteriota;c__Cyanobacteriia;o__Chloroplast;f__Incertae_Sedis;g__Incertae_Sedis;s__	0.9999999997105249
07fc5ebe2c107841b4361f203b23dd17	d__Bacteria;p__Pseudomonadota;c__Gammaproteobacteria;o__Enterobacterales;f__Enterobacteriaceae	0.7792849212966773
67cace988da16128368d1bda194c5f35	d__Bacteria;p__Bacillota;c__Clostridia;o__Peptostreptococcales-Tissierellales;f__Anaerovoracaceae;g__Family_XIII_AD3011_group;s__	0.9953275882560495
a62fa6e25e8805dafe5b628529c90023	d__Bacteria;p__Bacillota;c__Clostridia;o__Oscillospirales;f__Ruminococcaceae;g__Ruminococcus;s__	0.9040367991864476
e3f2349c6c2d5d5642946acfa7372c49	d__Bacteria;p__Bacillota;c__Clostridia;o__Clostridiales;f__Clostridiaceae;g__Clostridium;s__	0.9949666491423229
8249b99ba2d979e302500a2071f42677	d__Bacteria;p__Bacillota;c__Clostridia;o__Clostridiales;f__Clostridiaceae;g__Clostridium;s__	0.9848091670498357
3ddfa4f56f11311a815ee05ee43ddb81	d__Bacteria;p__Bacillota;c__Clostridia;o__Clostridiales;f__Clostridiaceae;g__Clostridium;s__	0.7703870879974777
8721da485a50a5918e02a8c9d6efb5b3	d__Bacteria;p__Bacillota;c__Clostridia;o__Lachnospirales;f__Lachnospiraceae;g__Anaerobutyricum;s__	0.9999995270953387
302f78f3ed2a95d333cdefefbc065c28	d__Bacteria;p__Thermodesulfobacteriota;c__Desulfovibrionia;o__Desulfovibrionales;f__Desulfovibrionaceae;g__Desulfovibrio;s__	0.9998190150691266
761e4ad90c41e70326c9de6f01660458	d__Bacteria;p__Bacillota;c__Bacilli;o__Lactobacillales;f__Lactobacillaceae;g__Leuconostoc;s__	0.9999999929086698
eba6ad448ed6a1fcd744350655065065	d__Bacteria;p__Bacillota;c__Clostridia;o__Lachnospirales;f__Lachnospiraceae;g__Lachnospiraceae_NK4A136_group;s__	0.7006496197063388
bea2245c01baedd6d4a6d6e4e857f9f6	d__Bacteria;p__Bacteroidota;c__Bacteroidia;o__Bacteroidales;f__Marinifilaceae;g__Butyricimonas;s__	0.9999999999998863
54a2bfb0a96adc52c4ccca239ad01466	d__Bacteria;p__Bacillota;c__Clostridia;o__Oscillospirales;f__Ruminococcaceae;g__[Eubacterium]_siraeum_group;s__	0.9999972762398106
9effa566cc1cb4eeadec7cb0d861fcd8	d__Bacteria;p__Actinomycetota;c__Actinobacteria;o__Micrococcales;f__Dermabacteraceae;g__Dermabacter;s__	0.9999978473376251
d7ba72866bdb54b83b2fa063153b7beb	d__Bacteria;p__Bacillota;c__Clostridia;o__Clostridiales;f__Clostridiaceae;g__Clostridium;s__	0.9937951302027881
36ce67b3fecce277df99829617975495	d__Bacteria;p__Actinomycetota;c__Actinobacteria;o__Micrococcales;f__Micrococcaceae;g__Rothia;s__	0.999996800806416
cb4b471edb8caad64360dabf56805648	d__Bacteria;p__Bacillota;c__Clostridia;o__Lachnospirales;f__Lachnospiraceae	0.9999819159161982
bb520a25037fe6c24024c4f8fc40b5b7	d__Bacteria;p__Bacillota;c__Clostridia;o__Peptostreptococcales-Tissierellales;f__Anaerovoracaceae;g__Family_XIII_AD3011_group;s__	0.9923584291119756
5bb2c16ddab6aa65e577d73de6292939	d__Bacteria;p__Bacillota;c__Clostridia;o__Peptostreptococcales-Tissierellales;f__Peptostreptococcaceae;g__Romboutsia;s__	0.9962728391583949
64c296ddb011fb2e7251ecadcb4a0148	d__Bacteria;p__Bacillota;c__Clostridia;o__Lachnospirales;f__Lachnospiraceae	0.9999829867379958
5e581b06024ab980e25ee550e0b97247	d__Bacteria;p__Bacillota;c__Clostridia;o__Christensenellales;f__Christensenellaceae;g__Christensenella;s__	0.9999981431122126
970dd45e40cf8b847e2575fc1cb5a3eb	d__Bacteria;p__Bacillota;c__Bacilli;o__Lactobacillales;f__Lactobacillaceae;g__Weissella;s__	0.9999999988735055
f79d0c7763fdbe8bbcff40da3a033520	d__Bacteria;p__Bacillota;c__Clostridia;o__Lachnospirales;f__Lachnospiraceae	0.9999924730476292
15f9f1362adc49cd842b7237b2e311a7	d__Bacteria;p__Bacillota;c__Clostridia;o__Clostridiales;f__Clostridiaceae;g__Clostridium;s__	0.9855933184980376
17ae20a577370dc92154c6b1f5b2a5aa	d__Bacteria;p__Fusobacteriota;c__Fusobacteriia;o__Fusobacteriales;f__Leptotrichiaceae;g__Leptotrichia;s__	0.9999999998202185
c44cd59d00f705479b4dd827f84b3a10	d__Bacteria;p__Bacillota;c__Clostridia;o__Lachnospirales;f__Lachnospiraceae;g__[Eubacterium]_xylanophilum_group;s__	0.9966328381850279
db1996cad98b26253e25c90eaaa16670	d__Bacteria;p__Bacillota;c__Bacilli;o__Lactobacillales;f__Lactobacillaceae;g__Pediococcus;s__	0.9977271605892434
8d7e1465fbc2323c5155ea4c76dd520c	d__Bacteria;p__Bacillota;c__Clostridia;o__Oscillospirales;f__Ruminococcaceae	0.9992159723822325
d28051e65e0f1dbcd08546698d28d59b	d__Bacteria;p__Bacillota;c__Clostridia;o__Lachnospirales;f__Lachnospiraceae;g__Mediterraneibacter;s__	0.9287624588723437
1eaa3cb7baaac3220b0606e3621afd16	d__Bacteria;p__Bacteroidota;c__Bacteroidia;o__Bacteroidales;f__Rikenellaceae;g__Alistipes;s__	0.9998165039643073
0bcbe0e56c6b6fa51103580f50f06290	d__Bacteria;p__Bacillota;c__Clostridia;o__Lachnospirales;f__Lachnospiraceae;g__Agathobacter;s__	0.9513339006710333
ea161e484a53dae44be8608f5aaaa4c3	d__Bacteria;p__Bacillota;c__Clostridia;o__Clostridiales;f__Clostridiaceae;g__Clostridium;s__	0.9887204500345435
fc893e76f236bf322d40cee712ae93c2	d__Bacteria;p__Bacillota;c__Clostridia;o__Lachnospirales;f__Lachnospiraceae	0.9998756366707735
2d0447008c3204f3ac97998db1edbbf2	d__Bacteria;p__Bacillota;c__Clostridia;o__Lachnospirales;f__Lachnospiraceae;g__Butyribacter;s__	0.808780562862705
a5252175a248379e412ae74ac96408e9	d__Bacteria;p__Bacillota;c__Bacilli;o__Lactobacillales;f__Lactobacillaceae;g__Lactiplantibacillus;s__	0.8193914171277723
c5ed5baac8c4ff452a1e65a58e880bfa	d__Bacteria;p__Bacillota;c__Clostridia;o__Oscillospirales;f__Ruminococcaceae;g__Acutalibacter;s__	0.9002843589594758
3163811fefe44f0f7f6aae4332b3fa47	d__Bacteria;p__Bacillota;c__Clostridia;o__Peptostreptococcales-Tissierellales;f__Peptostreptococcaceae	0.9999999811985288
0fe77288058684beecd6bf7dfb6febb5	d__Bacteria;p__Bacillota;c__Bacilli;o__Erysipelotrichales;f__Erysipelatoclostridiaceae;g__Thomasclavelia;s__	0.999999624997627
1900e8aeb6400849e6294cf82af2180d	d__Bacteria;p__Bacteroidota;c__Bacteroidia;o__Flavobacteriales;f__Flavobacteriaceae;g__Incertae_Sedis;s__	0.7830305548504292
01f1a5dc5eaa1448b3404d78a89e30c6	d__Bacteria;p__Bacillota;c__Clostridia;o__Oscillospirales;f__Ruminococcaceae;g__Acutalibacter;s__	0.9114803196453235
51d4f17b8dda9f7d972bf3dd0ecc4e59	d__Bacteria;p__Bacteroidota;c__Bacteroidia;o__Bacteroidales;f__Rikenellaceae;g__Alistipes;s__	0.999999999594408
9be145be27defd84836ae5d1a611fdd8	d__Bacteria;p__Bacteroidota;c__Bacteroidia;o__Bacteroidales;f__Tannerellaceae	0.7327962008382053
9b6acfb0708fe91f75081d6801659932	d__Bacteria;p__Bacillota;c__Clostridia;o__Peptostreptococcales-Tissierellales;f__Anaerovoracaceae;g__Family_XIII_AD3011_group;s__	0.994790832129986
aae527ca12e9bda13c71ba43b7f7c075	d__Bacteria;p__Pseudomonadota;c__Gammaproteobacteria;o__Burkholderiales;f__Sutterellaceae;g__Parasutterella;s__	0.9936660674879539
cb7c9a82654d3ef267e1738cb0fe5569	d__Bacteria;p__Bacillota;c__Clostridia;o__Oscillospirales;f__Ruminococcaceae;g__Acutalibacter;s__	0.9997265390308859
d928656613b4779097fe27787daf1f5b	d__Bacteria;p__Bacillota;c__Clostridia;o__Lachnospirales;f__Lachnospiraceae;g__Lachnospiraceae_UCG-010;s__	0.8057128852946676
9bfaace04e07716564aa6e9e2d44283d	d__Bacteria;p__Bacillota;c__Clostridia;o__Lachnospirales;f__Lachnospiraceae;g__Eisenbergiella;s__	0.9993132334238911
a6cab8835ce1753d683ae96c5c5bfcd2	d__Bacteria;p__Bacillota;c__Negativicutes;o__Veillonellales-Selenomonadales;f__Veillonellaceae;g__Veillonella;s__	0.9999999671731677
2b06e6463d2b5a47fc5f7f428f9429c0	d__Bacteria;p__Bacillota;c__Bacilli;o__Lactobacillales;f__Lactobacillaceae;g__Limosilactobacillus;s__	0.9996059149700461
a06ae7b02fa410580027f2e681f59cf6	d__Bacteria;p__Bacillota;c__Clostridia;o__Christensenellales;f__Christensenellaceae;g__Christensenellaceae_R-7_group;s__	0.767008698298849
1739d8f19c1ac366a2138b64b03047a9	d__Bacteria;p__Actinomycetota;c__Actinobacteria;o__Micrococcales;f__Micrococcaceae;g__Rothia;s__	0.999999187634447
6beae6389f90d85acc08c35efddba919	d__Bacteria;p__Pseudomonadota;c__Gammaproteobacteria;o__Enterobacterales	0.9999999949586521
533b6c05a74b2c25a94f884d6fe42f9d	d__Bacteria;p__Bacillota;c__Bacilli;o__Erysipelotrichales;f__Erysipelatoclostridiaceae;g__Catenibacterium;s__	0.9999967909113158
c5619065fbb2332fe286b698e6b6c58d	d__Bacteria;p__Bacillota;c__Clostridia;o__Lachnospirales;f__Lachnospiraceae	0.9999989481274285
605cc047d6200f294e043f8ce6cb5af7	d__Bacteria;p__Bacteroidota;c__Bacteroidia;o__Bacteroidales;f__Barnesiellaceae;g__Coprobacter;s__	0.99999999997587
e1b2b6ae4af6686429c21926cc0314a0	d__Bacteria;p__Cyanobacteriota;c__Cyanobacteriia;o__Chloroplast;f__Incertae_Sedis;g__Incertae_Sedis;s__	0.9999999999427018
b20abc2c16ea643f1fe7ceb2e5db9d45	d__Bacteria;p__Pseudomonadota;c__Gammaproteobacteria;o__Burkholderiales;f__Sutterellaceae;g__Sutterella;s__	0.9998449451895357
07fd92a29ce27a31f4d95c6821595530	d__Bacteria;p__Bacillota;c__Clostridia;o__Lachnospirales;f__Lachnospiraceae	0.9999910881817178
f7c5bcb0ec148713bff4b57c4a1cedc0	d__Bacteria;p__Bacillota;c__Clostridia;o__Lachnospirales;f__Lachnospiraceae;g__Blautia;s__	0.7918127789215499
8f4dea09ecd34aac65b4fdf5d1c37ff1	d__Bacteria;p__Bacillota;c__Bacilli;o__Erysipelotrichales;f__Erysipelatoclostridiaceae;g__Thomasclavelia;s__	0.9999989213293352
1a686a3ae9c21c7dc064fa84e61ac4ea	d__Bacteria;p__Pseudomonadota;c__Gammaproteobacteria;o__Burkholderiales;f__Sutterellaceae;g__Parasutterella;s__	0.999976037384349
644fd07dc284e48b3f9bdbf76078fd2e	d__Bacteria;p__Bacillota;c__Clostridia;o__Peptostreptococcales-Tissierellales;f__Anaerovoracaceae;g__S5-A14a;s__	0.9999985762517599
f35b00aec9a541d1f96cbdc1c6ae68a0	d__Bacteria;p__Bacillota;c__Clostridia;o__Lachnospirales;f__Lachnospiraceae;g__Extibacter;s__	0.986124122727094
2b869347e522205f1c4a919196e6b45b	d__Bacteria;p__Fusobacteriota;c__Fusobacteriia;o__Fusobacteriales;f__Leptotrichiaceae;g__Incertae_Sedis;s__	0.924563282007897
5edd946e0a26ae1c85ed8c498c328387	d__Bacteria;p__Bacillota;c__Clostridia;o__Oscillospirales;f__Ruminococcaceae;g__Faecalibacterium;s__	0.9996769259882958
68e7e3599b8727dad8fb579a21279b55	d__Bacteria;p__Bacillota;c__Clostridia;o__Lachnospirales;f__Lachnospiraceae;g__Sellimonas;s__	0.9139197936653757
350cd8e890b27c7fa7ec3a0d77dbaa9b	d__Bacteria;p__Bacillota;c__Clostridia;o__Oscillospirales;f__Oscillospiraceae;g__Colidextribacter;s__	0.9426073367373479
60614520ce7378162013d9e6054a37ef	d__Bacteria;p__Bacillota;c__Clostridia;o__Lachnospirales;f__Lachnospiraceae	0.9999902034448558
2724c03777afbe627457f813998c91c4	d__Bacteria;p__Bacillota;c__Clostridia;o__Lachnospirales;f__Lachnospiraceae	0.9999999233497928
6d914a702d3c71527cfb3484a6317810	d__Bacteria;p__Bacteroidota;c__Bacteroidia;o__Bacteroidales;f__Marinifilaceae;g__Butyricimonas;s__	0.9999999999998863
ab2beabd5fb97a63cb213bf8a28534a0	d__Bacteria;p__Bacillota;c__Clostridia;o__Lachnospirales;f__Lachnospiraceae	0.9998628637617188
6abe444a674a1d02d5f9036851699cc9	d__Bacteria;p__Bacillota;c__Clostridia;o__Christensenellales;f__Christensenellaceae;g__Christensenellaceae_R-7_group;s__	0.9974747510084175
1a7a9d14747af9f14fcdabdef2549a77	d__Bacteria;p__Bacillota;c__Clostridia;o__Oscillospirales;f__Oscillospiraceae;g__Colidextribacter;s__	0.8615343387272082
aea2f8ad858377e27ba38fa585096892	d__Bacteria;p__Pseudomonadota;c__Gammaproteobacteria;o__Enterobacterales;f__Enterobacteriaceae	0.8464656838929994
d6516d1d205f60de54c457b7c9f06440	d__Bacteria;p__Bacillota;c__Clostridia;o__Christensenellales;f__Christensenellaceae;g__Christensenellaceae_R-7_group;s__	0.9827873929438824
8e24b728fee4591e6e11403c00c617bc	d__Bacteria;p__Bacillota;c__Clostridia;o__Peptostreptococcales-Tissierellales;f__Anaerovoracaceae;g__[Eubacterium]_brachy_group;s__	0.9988406762160588
d10cce3b32a23856c6a1b9e487f30bc1	d__Bacteria;p__Bacillota;c__Clostridia;o__Lachnospirales;f__Lachnospiraceae	0.9993932785233846
9e75d15ba3717ca20d8aa45e3c4a6bab	d__Bacteria;p__Bacillota;c__Bacilli;o__Lactobacillales;f__Lactobacillaceae;g__Leuconostoc;s__	0.9999999991972857
10e608dbba12c4da32179ad865a83c14	d__Bacteria;p__Bacillota;c__Bacilli;o__Lactobacillales;f__Lactobacillaceae;g__Lapidilactobacillus;s__	0.9885730920755992
91f0bfa8c51f250c466cda365f249c87	d__Bacteria;p__Bacteroidota;c__Bacteroidia;o__Bacteroidales;f__Rikenellaceae;g__Alistipes;s__	0.9999999999749463
240fdca31693a4ace2c8f24a85af411a	d__Bacteria;p__Bacillota;c__Clostridia;o__Lachnospirales;f__Lachnospiraceae	0.9999511383390742
abe9bc8c2ab006fc2959a823ad1dfcee	d__Bacteria;p__Bacillota;c__Bacilli;o__Lactobacillales;f__Lactobacillaceae;g__Schleiferilactobacillus;s__	0.9919237257837831
1473d0e067e22f5b3e209940fd4d0645	d__Bacteria;p__Bacteroidota;c__Bacteroidia;o__Bacteroidales;f__Marinifilaceae;g__Butyricimonas;s__	0.9999999999997158
7e7a4855c881caf14f15c80f6012f231	d__Bacteria;p__Bacillota;c__Clostridia;o__Oscillospirales;f__[Eubacterium]_coprostanoligenes_group;g__Incertae_Sedis;s__	0.9999980990704265
6b5c5532185593c41966b2173ea9df1c	d__Bacteria;p__Bacillota;c__Clostridia;o__Lachnospirales;f__Lachnospiraceae;g__Lachnospiraceae_UCG-009;s__	0.7382907445252036
d931769f92b386b7e1210ba06ce72b9f	d__Bacteria;p__Bacillota;c__Clostridia;o__Oscillospirales;f__Butyricicoccaceae;g__Butyricicoccus;s__	0.7692906412974161
c08c41c826072dc8bb892e9305ac1a7b	d__Bacteria;p__Bacillota;c__Clostridia;o__Oscillospirales;f__Ruminococcaceae;g__Gemmiger;s__	0.9089460204998407
e0f7bdf2974c6f61534b16e0886f6670	d__Bacteria;p__Bacillota;c__Clostridia;o__Clostridia_UCG-014;f__Incertae_Sedis;g__Incertae_Sedis;s__	0.9999999999409255
390e89520f9c5d73021e365114f1fab6	d__Bacteria;p__Bacillota;c__Clostridia;o__Lachnospirales;f__Lachnospiraceae;g__Anaerostipes;s__	0.9999983257364651
bee040b0942c767b368519c4706f8cdb	d__Bacteria;p__Bacillota;c__Clostridia;o__Lachnospirales;f__Lachnospiraceae;g__[Eubacterium]_xylanophilum_group;s__	0.9988519072951679
eac014721773d33a3b167d5295ee544d	d__Bacteria;p__Bacillota;c__Clostridia;o__Lachnospirales;f__Lachnospiraceae;g__Roseburia;s__	0.7229854109432222
2ea38044fe4a4b317d555d5302162bba	d__Bacteria;p__Bacillota;c__Negativicutes;o__Veillonellales-Selenomonadales;f__Selenomonadaceae;g__Centipeda;s__	0.9176734430957094
df1b3bf047800756c9c241fec7c05dde	d__Bacteria;p__Bacillota;c__Clostridia;o__Oscillospirales;f__Ruminococcaceae	0.9526152905888431
7b25fe2a8e4d57a05ef403d1d0e831e2	d__Bacteria;p__Bacillota;c__Clostridia;o__Oscillospirales;f__Oscillospiraceae;g__Intestinimonas;s__	0.9476897060881838
de641e423b4a00fd0c6ae6fa5d27e866	d__Bacteria;p__Bacillota;c__Clostridia;o__Oscillospirales;f__Ruminococcaceae;g__Paludicola;s__	0.8969166627384413
ac11726e4c3f29d2e1beb38dc31eb68e	d__Bacteria;p__Actinomycetota;c__Coriobacteriia;o__Coriobacteriales;f__Eggerthellaceae;g__Eggerthella;s__	0.9999999166155823
5c0eb2cc0831a4b7304ec1fa20756159	d__Bacteria;p__Bacillota;c__Clostridia;o__Oscillospirales;f__Butyricicoccaceae;g__UCG-009;s__	0.9999509912510065
3cf79108f6368da06b4dce8375cfba0a	d__Bacteria;p__Bacillota;c__Clostridia;o__Lachnospirales;f__Lachnospiraceae	0.999991978425685
278c2a9599f0d608fc70845d26c6c722	d__Bacteria;p__Bacillota;c__Clostridia;o__Lachnospirales;f__Lachnospiraceae	0.999997989759103
7a80eb794179e899066579742bc71f18	d__Bacteria;p__Bacillota;c__Clostridia;o__Oscillospirales;f__Ruminococcaceae;g__Incertae_Sedis;s__	0.9440751969413703
eaa740d8046a0434a7d1a360341a1211	d__Bacteria;p__Fusobacteriota;c__Fusobacteriia;o__Fusobacteriales;f__Fusobacteriaceae;g__Fusobacterium;s__	0.9999754714911965
b506bf9f90923ddfb5747d615b9b32de	d__Bacteria;p__Bacillota;c__Bacilli;o__Lactobacillales;f__Lactobacillaceae;g__Paucilactobacillus;s__	0.7348395131379596
8646bffa210e3f061cc57f1b1cf2f751	d__Bacteria;p__Bacillota;c__Clostridia;o__Lachnospirales;f__Lachnospiraceae;g__Hungatella;s__	0.9975479031760274
e2927235f9e146498e0683f4c8b066fb	d__Bacteria;p__Bacillota;c__Clostridia;o__Oscillospirales;f__Ruminococcaceae;g__Acutalibacter;s__	0.9992282703958798
c36c7aa5e6c47fc763828a8add383940	d__Bacteria;p__Pseudomonadota;c__Gammaproteobacteria;o__Enterobacterales;f__Pasteurellaceae;g__Haemophilus;s__	0.8665214934523076
093a62dd3c91d9112423cc01082db323	d__Bacteria;p__Bacillota;c__Clostridia;o__Lachnospirales;f__Lachnospiraceae;g__[Eubacterium]_ventriosum_group;s__	0.9903018009867893
f7870a4e6cccb8a029cf6f0091c106f5	d__Bacteria;p__Bacillota;c__Bacilli;o__Erysipelotrichales;f__Erysipelotrichaceae;g__Amedibacillus;s__	0.997571885035352
2cb1ff2f9d7a33605020b6fff33c71b8	d__Bacteria;p__Bacillota;c__Clostridia;o__Lachnospirales;f__Lachnospiraceae;g__Tyzzerella;s__	0.9999843285448432
cc7b0c4fe7613151aee46e9be3ea14a9	d__Bacteria;p__Bacillota;c__Clostridia;o__Oscillospirales;f__Oscillospiraceae;g__Intestinimonas;s__	0.9867338135921703
5c4815ed92f875a3f45999d9699578ab	d__Bacteria;p__Bacillota;c__Clostridia;o__Lachnospirales;f__Lachnospiraceae;g__Dorea;s__	0.8919928243486341
cd604e575361dd5195144bf8e5007cb7	d__Bacteria;p__Bacillota;c__Clostridia;o__Oscillospirales;f__Ruminococcaceae;g__Fournierella;s__	0.9425848446901666
49095ce0b6df52a2d5d05beaf738494f	d__Bacteria;p__Actinomycetota;c__Coriobacteriia;o__Coriobacteriales;f__Coriobacteriales_Incertae_Sedis;g__Raoultibacter;s__	0.9999999869303481
ee1783274bd16e3b9950d77594f27f9a	d__Bacteria;p__Bacteroidota;c__Bacteroidia;o__Bacteroidales;f__Dysgonomonadaceae;g__Dysgonomonas;s__	0.9996727186394632
0aefb8063eaab894e5c4aa6ed1ece00c	d__Bacteria;p__Bacillota;c__Clostridia;o__Oscillospirales;f__Ruminococcaceae	0.9999794207723165
d23447e1ff32e5ecca24ede2477207a8	d__Bacteria;p__Bacillota;c__Clostridia;o__Clostridiales;f__Clostridiaceae;g__Clostridium;s__	0.990599873552694
3114d42cc9f862a2a18d7e5efde7fa9b	d__Bacteria;p__Actinomycetota;c__Coriobacteriia;o__Coriobacteriales;f__Eggerthellaceae;g__Slackia;s__	0.999999999994472
2a2b34830532f063cbbc1517e527b58f	d__Bacteria;p__Bacillota;c__Clostridia;o__Lachnospirales;f__Lachnospiraceae;g__Mediterraneibacter;s__	0.9441257919148599
4b390824ebb0af53b30f8dc094cbbf51	d__Bacteria;p__Actinomycetota;c__Actinobacteria;o__Bifidobacteriales;f__Bifidobacteriaceae;g__Bifidobacterium;s__	0.9996584520652966
fea17f48e1092739216cf2fc3c82d98d	d__Bacteria;p__Bacillota;c__Clostridia;o__Oscillospirales;f__Ruminococcaceae	0.9999129964379
f94b14e11dfe405e48976839ca380380	d__Bacteria;p__Bacillota;c__Clostridia;o__Oscillospirales;f__Ruminococcaceae;g__Candidatus_Soleaferrea;s__	0.9665799416487677
6e2fd37637615a32e3fef33cfdf47e6d	d__Bacteria;p__Bacillota;c__Clostridia;o__Oscillospirales;f__Ruminococcaceae;g__Candidatus_Soleaferrea;s__	0.7301461806081185
888fd9a806b73525cc988a7b15f52e65	d__Bacteria;p__Bacillota;c__Clostridia;o__Lachnospirales;f__Lachnospiraceae	0.999114594079707
837f77de3338aaea4eba46470f2b3272	d__Bacteria;p__Bacillota;c__Clostridia;o__Peptostreptococcales-Tissierellales;f__Peptostreptococcaceae;g__Intestinibacter;s__	0.9925486968272748
fb66063cf220d10deb17bcacd149229e	d__Bacteria;p__Bacillota;c__Clostridia;o__Peptostreptococcales-Tissierellales;f__Anaerovoracaceae;g__Family_XIII_AD3011_group;s__	0.7370166539376516
794c48d1c110499dbd6338457f2ed417	d__Bacteria;p__Bacillota;c__Clostridia;o__Lachnospirales;f__Lachnospiraceae;g__Enterocloster;s__	0.9919938618006039
9b6b08a24a54e5b482f5a45e03dcb30e	d__Bacteria;p__Bacillota;c__Clostridia;o__Lachnospirales;f__Lachnospiraceae;g__Mediterraneibacter;s__	0.9034255487726527
bdb6ddef008a6d31c019642fb28d7c1d	d__Bacteria;p__Bacillota;c__Clostridia;o__Oscillospirales;f__Oscillospiraceae;g__Colidextribacter;s__	0.990251406191239
47d0889740646fed0fb499be708c6df2	d__Bacteria;p__Bacillota;c__Clostridia;o__Lachnospirales;f__Lachnospiraceae;g__Howardella;s__	0.9999999940928177
360b8779251bfde96f1165e5202f83d6	d__Bacteria;p__Bacillota;c__Clostridia;o__Lachnospirales;f__Lachnospiraceae	0.9999997656835028
28d85c6990ac97a8cbe22863c8774096	d__Bacteria;p__Campylobacterota;c__Campylobacteria;o__Campylobacterales;f__Campylobacteraceae;g__Campylobacter;s__	0.9999999754092673
7e11e91e66f4ceff6e509c5597aa5325	d__Bacteria;p__Actinomycetota;c__Coriobacteriia;o__Coriobacteriales;f__Atopobiaceae;g__Tractidigestivibacter;s__	0.9999999997642561
a1720628c4f47b9107208f814f56fcf5	d__Bacteria;p__Bacillota;c__Clostridia;o__Oscillospirales;f__Butyricicoccaceae;g__Butyricicoccus;s__	0.9987145201182919
6326f3883ecfa02452ebaa3af9c5d84c	d__Bacteria;p__Bacillota;c__Clostridia;o__Lachnospirales;f__Lachnospiraceae	0.9999995922149671
b1956a37445160b890fb5a06a818c385	d__Bacteria;p__Bacteroidota;c__Bacteroidia;o__Bacteroidales;f__Tannerellaceae;g__Parabacteroides;s__	0.9996725844102806
205f8255db56fbbc2c5999ed97063cab	d__Bacteria;p__Bacillota;c__Bacilli;o__Lactobacillales;f__Streptococcaceae;g__Streptococcus;s__	0.9999837734523023
7fae613f7cc102eb5599d1caa6893bb9	d__Bacteria;p__Bacillota;c__Clostridia;o__Peptostreptococcales-Tissierellales;f__Family_XI;g__Ezakiella;s__	1.0
ae294d0eeda4b1244450fbcb30cfe221	d__Bacteria;p__Bacillota;c__Bacilli;o__Lactobacillales;f__Lactobacillaceae;g__Limosilactobacillus;s__	0.8412683541633164
1e8ab81f5afce970126716754dbd1257	d__Bacteria;p__Bacillota;c__Clostridia;o__Lachnospirales;f__Lachnospiraceae;g__Blautia;s__	0.8488454041138487
d9c9a238a8889af781513696995fd927	d__Bacteria;p__Bacillota;c__Clostridia;o__Peptostreptococcales-Tissierellales;f__Peptostreptococcaceae;g__Romboutsia;s__	0.9945805462084681
813b29287429abb88694577a223559e5	d__Bacteria;p__Bacillota;c__Clostridia;o__Peptostreptococcales-Tissierellales;f__Peptostreptococcaceae;g__Romboutsia;s__	0.9945135500591842
a03032fb9dcb35ff650eaa2ecc5d7c18	d__Bacteria;p__Bacillota;c__Clostridia;o__Clostridiales;f__Clostridiaceae;g__Clostridium;s__	0.9971005758801582
c2a0dfdc889d7edea9e378721b09e102	d__Bacteria;p__Bacillota;c__Clostridia;o__Lachnospirales;f__Lachnospiraceae;g__Extibacter;s__	0.9682290990103024
36cf8ed4d566c9909dd9c7284999eadc	d__Bacteria;p__Bacteroidota;c__Bacteroidia;o__Bacteroidales;f__Rikenellaceae;g__Alistipes;s__	0.9997485820042796
9ef0559ac4dffd54e7cec4e8b29a41c2	d__Bacteria;p__Bacillota;c__Negativicutes;o__Acidaminococcales;f__Acidaminococcaceae;g__Phascolarctobacterium;s__	0.9999997001737194
f46deaf5851879b6a8d849043a70f8f5	d__Bacteria;p__Bacillota;c__Clostridia;o__Lachnospirales;f__Lachnospiraceae;g__Lachnospiraceae_UCG-010;s__	0.8371974983926158
8c84feadf2c464b4e8ed09d73795510c	d__Bacteria;p__Bacillota;c__Clostridia;o__Oscillospirales;f__Oscillospiraceae	0.9999997143087614
97d248a490046807a1b60920bd146ccd	d__Bacteria;p__Bacillota;c__Clostridia;o__Lachnospirales;f__Lachnospiraceae	0.9999660630211897
5ba7487afaa27057b97712526ad3c2a4	d__Bacteria;p__Bacillota;c__Clostridia;o__Oscillospirales;f__Ruminococcaceae;g__[Eubacterium]_siraeum_group;s__	0.9999989736458597
1063e92b4acc17f22a826d2c79da73b9	d__Bacteria;p__Actinomycetota;c__Actinobacteria;o__Actinomycetales;f__Actinomycetaceae;g__F0332;s__	0.9998447067717209
a85414d00d7f63d6e200967b1ba7d397	d__Bacteria;p__Bacillota;c__Clostridia;o__Lachnospirales;f__Lachnospiraceae;g__Mediterraneibacter;s__	0.9882846916869981
43202fe954709a694e31c3a1be7e889b	d__Bacteria;p__Bacillota;c__Clostridia;o__Clostridia_UCG-014;f__Incertae_Sedis;g__Incertae_Sedis;s__	0.9999999516169151
eb53379cb35ad013020d43cf1c202ffc	d__Bacteria;p__Bacillota;c__Clostridia;o__Lachnospirales;f__Lachnospiraceae	0.9994755771931112
a3738f297ddeee5f739572f65dcf5f58	d__Bacteria;p__Bacillota;c__Clostridia;o__Christensenellales;f__Christensenellaceae;g__Incertae_Sedis;s__	0.9997148052571669
3689d0c142e6b424206a35746952fca8	d__Bacteria;p__Bacteroidota;c__Bacteroidia;o__Bacteroidales;f__Tannerellaceae;g__Parabacteroides;s__	0.9997415573981373
7dca629551822b1035983f977e158b13	d__Bacteria;p__Bacillota;c__Clostridia;o__Oscillospirales;f__Ruminococcaceae;g__Pygmaiobacter;s__	0.8892740686401033
a0115f7be2cdf7c0406ab0c287a85010	d__Bacteria;p__Bacillota;c__Clostridia;o__Lachnospirales;f__Lachnospiraceae;g__Lachnospiraceae_FE2018_group;s__	0.8582797317756389
517ebad16a3cda8a9032a6a4b7ab699f	d__Bacteria;p__Bacillota;c__Clostridia;o__Oscillospirales;f__Oscillospiraceae;g__Intestinimonas;s__	0.9181236829718612
4936196363e4368f6bc17b13cb8ac364	d__Bacteria;p__Bacillota;c__Clostridia;o__Lachnospirales;f__Lachnospiraceae;g__Fusicatenibacter;s__	0.9992369092895246
2c3b179c770eca4dd9338a4d2c137202	d__Bacteria;p__Bacillota;c__Clostridia;o__Christensenellales;f__Christensenellaceae;g__Christensenellaceae_R-7_group;s__	0.9477520133070637
cc6c06bae0a74dec62abdcb93c1414ab	d__Bacteria;p__Bacillota;c__Clostridia;o__Oscillospirales;f__[Eubacterium]_coprostanoligenes_group;g__Incertae_Sedis;s__	0.995982623581005
3955270229e2e147050222701726b606	d__Bacteria;p__Bacillota;c__Clostridia;o__Lachnospirales;f__Lachnospiraceae	0.999999754489743
0ba1ab35f26bdef177c3341940c34c34	d__Bacteria;p__Bacteroidota;c__Bacteroidia;o__Bacteroidales;f__Rikenellaceae;g__Alistipes;s__	0.9999999999750457
2bb77d3caa974dcace2ee0ced65975f9	d__Bacteria;p__Bacillota;c__Clostridia;o__Lachnospirales;f__Lachnospiraceae;g__Dorea;s__	0.9703173373970564
4fb7173a0bd101e38c09021e75d9755a	d__Bacteria;p__Bacillota;c__Negativicutes;o__Veillonellales-Selenomonadales;f__Veillonellaceae;g__Dialister;s__	0.9999982310440615
db11ebab656f855d357867467f755ec1	d__Bacteria;p__Bacillota;c__Negativicutes;o__Veillonellales-Selenomonadales;f__Veillonellaceae;g__Anaeroglobus;s__	0.9999998322926442
656fc22d077cc5d6ef83285bcd081cbe	d__Bacteria;p__Pseudomonadota;c__Alphaproteobacteria;o__Rhodospirillales;f__Incertae_Sedis;g__Incertae_Sedis;s__	0.9999998107033187
a9b24370bdb02a8ee91855de7b8b2813	d__Bacteria;p__Actinomycetota;c__Actinobacteria;o__Bifidobacteriales;f__Bifidobacteriaceae;g__Bifidobacterium;s__	0.9999993280403584
f617597961320b2e15ebf9bb0e39d58e	d__Bacteria;p__Actinomycetota;c__Coriobacteriia;o__Coriobacteriales;f__Coriobacteriaceae;g__Collinsella;s__	0.9969090803032896
55beed6d1a19ce34788b66488ffe3917	d__Bacteria;p__Bacillota;c__Clostridia;o__Oscillospirales;f__Ruminococcaceae;g__Incertae_Sedis;s__	0.9933189345644644
ad03570a6623c3fe543fb52f514b234f	d__Bacteria;p__Bacillota;c__Clostridia;o__Oscillospirales;f__Ruminococcaceae;g__Ruminococcus;s__	0.9999314259674674
94928715987dcb9638dd5c0e8f9b20f4	d__Bacteria;p__Bacillota;c__Clostridia;o__Christensenellales;f__Christensenellaceae;g__Christensenellaceae_R-7_group;s__	0.8753369411728723
d9dcb4f2ff8fdce61402ffe0eaedf8cf	d__Bacteria;p__Bacillota;c__Clostridia;o__Oscillospirales;f__Ruminococcaceae;g__Angelakisella;s__	0.9991570339371519
0081f9bbb620b603b00587a501f5e049	d__Bacteria;p__Bacillota;c__Negativicutes;o__Veillonellales-Selenomonadales;f__Veillonellaceae;g__Veillonella;s__	0.9999999949806835
542209faab002c346c1951ffd77d2a47	d__Bacteria;p__Bacillota;c__Bacilli;o__Lactobacillales;f__Lactobacillaceae;g__Limosilactobacillus;s__	0.7629286416517655
9d4eb0396d0e34d9ef328a80e88e3b88	d__Bacteria;p__Bacillota;c__Negativicutes;o__Veillonellales-Selenomonadales;f__Veillonellaceae;g__Incertae_Sedis;s__	0.9201904414105628
26f085ea92fdbbeedc72785b303f8455	d__Bacteria;p__Bacillota;c__Clostridia;o__Lachnospirales;f__Lachnospiraceae;g__Marvinbryantia;s__	0.8172484686196763
04ac48241737d4f02b898a69df0b7cd8	d__Bacteria;p__Bacillota;c__Clostridia;o__Clostridiales;f__Clostridiaceae;g__Clostridium;s__	0.9442637879698655
2f8ad4365632e4a05d8897ac4ee70b3a	d__Bacteria;p__Bacillota;c__Bacilli;o__Lactobacillales;f__Lactobacillaceae;g__Limosilactobacillus;s__	0.8561831086403557
c2da7cc0247443dccd2e3d6a62f7be45	d__Bacteria;p__Bacillota;c__Clostridia;o__Oscillospirales;f__Oscillospiraceae;g__UCG-005;s__	0.9941980761533996
0e2573348777e55615736ca01785b7b4	d__Bacteria;p__Bacillota;c__Clostridia;o__Lachnospirales;f__Lachnospiraceae;g__GCA-900066755;s__	0.9997627002353077
d16d3d38776dc204eec317cd2c3aa8bb	d__Bacteria;p__Bacillota;c__Clostridia;o__Lachnospirales;f__Lachnospiraceae;g__Cellulosilyticum;s__	0.9999999987914094
cd9ca840390c8c0d54da8c1a984f2b37	d__Bacteria;p__Bacillota;c__Clostridia;o__Lachnospirales;f__Lachnospiraceae;g__[Ruminococcus]_gnavus_group;s__	0.9608660036123591
d83f60183d81253a505beaeef3cd168f	d__Bacteria;p__Actinomycetota;c__Actinobacteria;o__Micrococcales;f__Micrococcaceae;g__Rothia;s__	0.9999999727322407
10061e3064b2c3ceffd82a516d5917dc	d__Bacteria;p__Bacillota;c__Clostridia;o__Lachnospirales;f__Lachnospiraceae;g__Blautia;s__	0.7939411271056646
732f61386b8757029b0891b0ddde928f	d__Bacteria;p__Actinomycetota;c__Actinobacteria;o__Actinomycetales;f__Actinomycetaceae;g__Schaalia;s__	0.9986959241392702
c5bbe83eefb639e05548b52ee3aae3c6	d__Bacteria;p__Bacillota;c__Clostridia;o__Oscillospirales;f__Oscillospiraceae;g__UCG-005;s__	0.9991778662945325
63b0aa11fed51fd962a1dd47a3c9c452	d__Bacteria;p__Bacillota;c__Clostridia;o__Lachnospirales;f__Lachnospiraceae;g__Blautia;s__	0.9246935117499046
c12636eadd51f39fc336f44d4cfac7f5	d__Bacteria;p__Bacillota;c__Clostridia;o__Eubacteriales;f__Anaerofustaceae;g__Anaerofustis;s__	0.9999999996647944
e1e9710627e6cccde993966ab26d1e4b	d__Bacteria;p__Bacillota;c__Clostridia;o__Clostridiales;f__Clostridiaceae;g__Clostridium;s__	0.987520858258245
3871809dff2f4008fbb39d40067b87d6	d__Bacteria;p__Bacillota;c__Bacilli;o__Erysipelotrichales;f__Erysipelotrichaceae;g__[Clostridium]_innocuum_group;s__	0.9999728404184078
9b754da6875ad785a6e54b857470a076	d__Bacteria;p__Bacillota;c__Clostridia;o__Lachnospirales;f__Lachnospiraceae	0.9999988118141248
c0d5395792eadbf5f62e8ffb14fa0262	d__Bacteria;p__Pseudomonadota;c__Alphaproteobacteria;o__Rickettsiales;f__Mitochondria;g__Incertae_Sedis;s__	1.0
f4bace87750c8c5b7697f61826634acb	d__Bacteria;p__Bacillota;c__Clostridia;o__Oscillospirales;f__Ruminococcaceae	0.9999999056663511
821b8dffa873cb11e55c6ca0d55f93c2	d__Bacteria;p__Bacillota;c__Clostridia;o__Lachnospirales;f__Lachnospiraceae	0.9998381528474685
8c8a105de3169d2d55fcb9cfc2f52cf9	d__Bacteria;p__Bacillota;c__Clostridia;o__Lachnospirales;f__Lachnospiraceae;g__GCA-900066575;s__	0.9964065581953451
ee40a31569d2f61e0ce62d48cd462610	d__Bacteria;p__Bacillota;c__Clostridia;o__Oscillospirales;f__Oscillospiraceae;g__NK4A214_group;s__	0.761901398593308
417dbe51b8af2660702982e5da5f69d4	d__Bacteria;p__Bacillota;c__Bacilli;o__Lactobacillales;f__Lactobacillaceae;g__Lacticaseibacillus;s__	0.9304658038239505
03b10adc566e93d23372c71edcf48b34	d__Bacteria;p__Bacillota;c__Clostridia;o__Oscillospirales;f__Ruminococcaceae;g__[Clostridium]_methylpentosum_group;s__	0.9859240536352325
4ac43ecbe6347d46a2ab5a31ffd64c25	d__Bacteria;p__Bacillota;c__Clostridia;o__Oscillospirales;f__Ruminococcaceae	0.9088800933684229
d989e7b35ee2deb2b4e575200416ef18	d__Bacteria;p__Bacillota;c__Negativicutes;o__Veillonellales-Selenomonadales;f__Sporomusaceae;g__Anaerosinus;s__	0.9869399966442147
9cbf794b9c89435874fce22eba240120	d__Bacteria;p__Bacillota;c__Clostridia;o__Oscillospirales;f__[Eubacterium]_coprostanoligenes_group;g__Incertae_Sedis;s__	0.943652578228873
9789571cf2ce60ab107ab8785423de77	d__Bacteria;p__Bacillota;c__Clostridia;o__Lachnospirales;f__Lachnospiraceae;g__Blautia;s__	0.8021086852121769
aa0f1010cf4341c554c01eed7b5957a8	d__Bacteria;p__Bacillota;c__Clostridia;o__Oscillospirales;f__Ruminococcaceae;g__Acutalibacter;s__	0.9960952000608777
930afe0e90869cb1137f835ea9bcba47	d__Bacteria;p__Bacillota;c__Clostridia;o__Lachnospirales;f__Lachnospiraceae;g__[Ruminococcus]_gnavus_group;s__	0.9980680398161287
1f0fe83d7aa1924758d32913eb08d435	d__Bacteria;p__Bacillota;c__Clostridia;o__Lachnospirales;f__Lachnospiraceae	0.99999982452736
079cc7cdc86ebd337c3c029754926677	d__Bacteria;p__Fusobacteriota;c__Fusobacteriia;o__Fusobacteriales;f__Fusobacteriaceae;g__Fusobacterium;s__	0.9999999999944578
fa2bd2f1500f2aadfa41c605e68f78c0	d__Bacteria;p__Bacillota;c__Clostridia;o__Lachnospirales;f__Lachnospiraceae;g__Roseburia;s__	0.8534118376228288
6b861b073aefd57927ceac668da9cc4c	d__Bacteria;p__Bacillota;c__Clostridia;o__Christensenellales;f__Christensenellaceae;g__Christensenellaceae_R-7_group;s__	0.9623447426220773
76ceddd4de42ea101c36abb14288db9a	d__Bacteria;p__Bacillota;c__Negativicutes;o__Veillonellales-Selenomonadales;f__Veillonellaceae;g__Veillonella;s__	0.9999999906167005
b600d65ed89ddbd1e326cd0b04be1d7a	d__Bacteria;p__Pseudomonadota;c__Gammaproteobacteria;o__Burkholderiales;f__Oxalobacteraceae;g__Oxalobacter;s__	0.7409468237676455
f801c7a8ac9c5fbba79b652ac9d82a13	d__Bacteria;p__Bacillota;c__Clostridia;o__Oscillospirales;f__Ruminococcaceae;g__Incertae_Sedis;s__	0.9999929569285416
ab9b50c66ca449f4846c145e4d6d2aba	d__Bacteria;p__Bacillota;c__Clostridia;o__Lachnospirales;f__Lachnospiraceae	0.9999641806973671
4ada3d8098e9706fcebb85f1e427fea6	d__Bacteria;p__Bacillota;c__Clostridia;o__Lachnospirales;f__Lachnospiraceae	0.999995099317007
996e60e2134a6c506d282dbbe8ff1805	d__Bacteria;p__Bacteroidota;c__Bacteroidia;o__Bacteroidales;f__Tannerellaceae;g__Parabacteroides;s__	0.9998414191365481
08e78f74d2109bad6845fd1a904cb7a8	d__Bacteria;p__Bacillota;c__Clostridia;o__Oscillospirales;f__Ruminococcaceae;g__Fournierella;s__	0.9983265149479832
fb5c2aa7e7a97d1ba29b2c9405cb6a41	d__Bacteria;p__Pseudomonadota;c__Gammaproteobacteria;o__Enterobacterales	0.9999999488243227
45aea834beb1b1b53d8db337520b771e	d__Bacteria;p__Bacillota;c__Clostridia;o__Christensenellales;f__Christensenellaceae;g__Christensenellaceae_R-7_group;s__	0.9089273593325954
7d83997fd038ad2203827ffd32358dcc	d__Bacteria;p__Campylobacterota;c__Campylobacteria;o__Campylobacterales;f__Helicobacteraceae;g__Helicobacter;s__	0.9999999932197028
44c5c348f4eb2a5e56bb526a271f46e5	d__Bacteria;p__Bacillota;c__Clostridia;o__Lachnospirales;f__Lachnospiraceae;g__Marvinbryantia;s__	0.860966558466585
ff777b9e72806d32569a96839f57f6c2	d__Bacteria;p__Bacillota;c__Clostridia;o__Lachnospirales;f__Lachnospiraceae	0.9999393282699809
5dc4a87514f65e55bd373c1283e95fc4	d__Bacteria;p__Bacteroidota;c__Bacteroidia;o__Bacteroidales;f__Prevotellaceae;g__Prevotella;s__	0.998944331590949
79adb133c6ea5cc78c4a844872c6a8f0	d__Bacteria;p__Bacillota;c__Clostridia;o__Peptostreptococcales-Tissierellales;f__Natronincolaceae;g__Alkaliphilus;s__	0.9999408435333113
69b2485a3eaeb0a3533624235c644e35	d__Bacteria;p__Bacillota;c__Clostridia;o__Clostridia_vadinBB60_group;f__Incertae_Sedis;g__Incertae_Sedis;s__	0.9999989236475778
0f7b183901acd60418685b4fe37472c7	d__Bacteria;p__Bacillota;c__Clostridia;o__Christensenellales;f__Christensenellaceae;g__Christensenella;s__	0.9999995569210527
eaa8c65cb4ccf4c015caf9728e6e66fb	d__Bacteria;p__Synergistota;c__Synergistia;o__Synergistales;f__Synergistaceae;g__Rarimicrobium;s__	1.0
4f480409cf34da6fb985eaa1cf33a65b	d__Bacteria;p__Bacillota;c__Clostridia;o__Lachnospirales;f__Lachnospiraceae	0.9999837981888324
fd2eb1fe2266eed160a855f715f7c77e	d__Bacteria;p__Bacillota;c__Bacilli;o__Lactobacillales;f__Streptococcaceae;g__Streptococcus;s__	0.9999530812072145
b044a86e33a67caceb0a9f59149747ac	d__Bacteria;p__Bacillota;c__Clostridia;o__Lachnospirales;f__Lachnospiraceae;g__Howardella;s__	0.9999999986837906
6cce9922d65c4b649c6b35a233bd7dc2	d__Bacteria;p__Bacillota;c__Bacilli;o__Erysipelotrichales;f__Erysipelatoclostridiaceae;g__Longibaculum;s__	0.9999322142742832
e1f30b1b47f80404147cdeb7df90687b	d__Bacteria;p__Actinomycetota;c__Coriobacteriia;o__Coriobacteriales;f__Eggerthellaceae;g__Gordonibacter;s__	0.9999791214760241
efa1af4386010f7d05e16a663f32f792	d__Bacteria;p__Bacillota;c__Clostridia;o__Peptostreptococcales-Tissierellales;f__Anaerovoracaceae;g__Mogibacterium;s__	0.9999991875158148
859a4cdd33ae94db79e2d3b17a51bd9d	d__Bacteria;p__Pseudomonadota;c__Gammaproteobacteria;o__Burkholderiales;f__Sutterellaceae;g__Parasutterella;s__	0.9998151872979288
65057f7432d10c06a93825a2c04dccde	d__Bacteria;p__Bacillota;c__Clostridia;o__Peptostreptococcales-Tissierellales;f__Peptostreptococcaceae;g__Romboutsia;s__	0.7302936015448948
0daa15e327eb2bfc922a97c8931f236c	d__Bacteria;p__Bacillota;c__Clostridia;o__Lachnospirales;f__Lachnospiraceae;g__Blautia;s__	0.8949561043973385
c532c2c02cdb1cec71b6500c5d6c2edf	d__Bacteria;p__Bacteroidota;c__Bacteroidia;o__Bacteroidales;f__Porphyromonadaceae;g__Porphyromonas;s__	0.9999997727696384
736b63d30626fec4c4e8f8aafe1f743e	d__Bacteria;p__Bacteroidota;c__Bacteroidia;o__Bacteroidales;f__Tannerellaceae;g__Parabacteroides;s__	0.999999998533255
3a4a246cdaf2ee7e109536faef354a46	d__Bacteria;p__Bacillota;c__Clostridia;o__Oscillospirales;f__Oscillospiraceae;g__Intestinimonas;s__	0.9694629835511118
a9c65f22ab35a2635324961ee4e44023	d__Bacteria;p__Bacillota;c__Clostridia;o__Oscillospirales;f__Ruminococcaceae;g__Negativibacillus;s__	0.9999991649490103
13e63f8d805df08ef48d90648b7e488c	d__Bacteria;p__Bacillota;c__Clostridia;o__Lachnospirales;f__Lachnospiraceae;g__[Ruminococcus]_gauvreauii_group;s__	0.7063279968553
5737ecca376b9f8870712fcf09688b10	d__Bacteria;p__Bacillota;c__Clostridia;o__Clostridia_vadinBB60_group;f__Incertae_Sedis;g__Incertae_Sedis;s__	0.9999998771898295
4a1c5fb315646700069f4c358a196b9f	d__Bacteria;p__Bacillota;c__Clostridia;o__Peptostreptococcales-Tissierellales;f__Anaerovoracaceae;g__Family_XIII_AD3011_group;s__	0.9957301239319457
dd58ceaeb61c0bf39551d392e9eea942	d__Bacteria;p__Bacillota;c__Clostridia;o__Oscillospirales;f__Ruminococcaceae;g__Faecalibacterium;s__	0.9994611381252044
2a31fb1f367cdea6c268101b127e5ab3	d__Bacteria;p__Bacillota;c__Clostridia;o__Clostridia_UCG-014;f__Incertae_Sedis;g__Incertae_Sedis;s__	0.9999999998417053
bf2ea06eb5943686cedfe9f192fa1bc7	d__Bacteria;p__Bacteroidota;c__Bacteroidia;o__Bacteroidales;f__Tannerellaceae;g__Parabacteroides;s__	0.9953954833803514
0b6eb991173d34102892489e05ecb868	d__Bacteria;p__Bacillota;c__Clostridia;o__Peptostreptococcales-Tissierellales;f__Anaerovoracaceae;g__Incertae_Sedis;s__	0.7421274940133055
3a2a7cb0fcf3f94a77afecb8c2ca949b	d__Bacteria;p__Bacillota;c__Clostridia;o__Lachnospirales;f__Lachnospiraceae;g__Catenibacillus;s__	0.9987534393785756
d67718f0b4b35258e5ba346d778c1e3b	d__Bacteria;p__Bacillota;c__Clostridia;o__Lachnospirales;f__Lachnospiraceae	0.9999954058139886
d1dfa014363e0f9510af2b404d268409	d__Bacteria;p__Bacillota;c__Clostridia;o__Oscillospirales;f__Oscillospiraceae;g__Oscillospira;s__	0.9171350179515486
9d583502f595e3a521989b645d50e327	d__Bacteria;p__Bacteroidota;c__Bacteroidia;o__Bacteroidales;f__Rikenellaceae;g__Alistipes;s__	0.9999999999945857
5e2990e8ea901b1a6d8d6c6d04aa64e3	d__Bacteria;p__Bacillota;c__Clostridia;o__Lachnospirales;f__Lachnospiraceae	0.9999959217331684
dddf3f4996401c070a8b7ad646f2620f	d__Bacteria;p__Bacillota;c__Clostridia;o__Peptostreptococcales-Tissierellales;f__Peptostreptococcaceae;g__Paraclostridium;s__	0.9989794014322811
1c4f71b06ad9d613e117b633de27a107	d__Bacteria;p__Bacteroidota;c__Bacteroidia;o__Bacteroidales;f__Bacteroidaceae;g__Bacteroides;s__	0.9999980424913534
51f5ecce966bb67afae2da7419008535	d__Bacteria;p__Bacillota;c__Clostridia;o__Christensenellales;f__Christensenellaceae;g__Incertae_Sedis;s__	0.953908300530843
7da58db581819eaa58944eff8af7bbf3	d__Bacteria;p__Bacillota;c__Clostridia;o__Clostridia_UCG-014;f__Incertae_Sedis;g__Incertae_Sedis;s__	0.9999999999269562
2d88bef5acdb787ea01151589d421283	d__Bacteria;p__Bacillota;c__Clostridia;o__Oscillospirales;f__Ruminococcaceae;g__Incertae_Sedis;s__	0.7774425261192931
132653ab5f7eb792a316204b5c2f1f73	d__Bacteria;p__Bacillota;c__Clostridia;o__Peptostreptococcales-Tissierellales;f__Anaerovoracaceae;g__Family_XIII_AD3011_group;s__	0.9881767246720333
c7abd1a63bb3267e4664fac2cc169cfc	d__Bacteria;p__Bacteroidota;c__Bacteroidia;o__Bacteroidales;f__Prevotellaceae;g__Prevotellaceae_UCG-001;s__	0.8157762470435831
a1797bde05fdcb6f5aeab533c9386803	d__Bacteria;p__Actinomycetota;c__Coriobacteriia;o__Coriobacteriales;f__Coriobacteriales_Incertae_Sedis;g__Incertae_Sedis;s__	0.9999996570926745
3290039fd88784322601684f21730a58	d__Bacteria;p__Actinomycetota;c__Coriobacteriia;o__Coriobacteriales;f__Eggerthellaceae;g__Eggerthella;s__	0.9999996172314121
d955d96140fbba0ad2a2bb3e13e7440d	d__Bacteria;p__Bacillota;c__Clostridia;o__Oscillospirales;f__Ruminococcaceae;g__Paludicola;s__	0.9945734896152838
c6b90711837508687841b1d5cbff2f65	d__Bacteria;p__Bacillota;c__Clostridia;o__Lachnospirales;f__Lachnospiraceae	0.9999958133951575
9dc3aaa8acf1ad6cbbedf45c76cbfdc6	d__Bacteria;p__Bacillota;c__Clostridia;o__Monoglobales;f__Monoglobaceae;g__Monoglobus;s__	0.9512256694754124
0ed3a6836e138f14044f6950ad7280d2	d__Bacteria;p__Actinomycetota;c__Actinobacteria;o__Actinomycetales;f__Actinomycetaceae;g__Actinomyces;s__	0.9998981662287012
08e99f06801c5a0f0d4f663b4597898d	d__Bacteria;p__Bacillota;c__Clostridia;o__Lachnospirales;f__Lachnospiraceae;g__[Eubacterium]_xylanophilum_group;s__	0.9974200982506187
1a4149271dd161efcb232040a7557166	d__Bacteria;p__Actinomycetota;c__Actinobacteria;o__Actinomycetales;f__Actinomycetaceae;g__Actinomyces;s__	0.8168729673958524
98023210b1a5d20164f64c2fb64fed2d	d__Bacteria;p__Bacillota;c__Clostridia;o__Clostridia_UCG-014;f__Incertae_Sedis;g__Incertae_Sedis;s__	0.9999999901095151
6e9ac49ab03e8cf905432ad62df55c30	d__Bacteria;p__Bacillota;c__Clostridia;o__Peptostreptococcales-Tissierellales;f__Anaerovoracaceae;g__Family_XIII_UCG-001;s__	0.9962519670598984
9c20f5721196085da313cad322d9054f	d__Bacteria;p__Bacillota;c__Clostridia;o__Oscillospirales;f__Ruminococcaceae;g__Ruminococcus;s__	0.9950543203029847
dcfe7efb53c5c513b826913504ccf0dc	d__Bacteria;p__Bacillota;c__Clostridia;o__Oscillospirales;f__Butyricicoccaceae;g__Agathobaculum;s__	0.9999308656586048
2c4a66c7a92cce0fc49b7a477025b1ae	d__Bacteria;p__Thermodesulfobacteriota;c__Desulfovibrionia;o__Desulfovibrionales;f__Desulfovibrionaceae;g__Bilophila;s__	0.9999988247178294
085dee215abccf2f32ea374738112739	d__Bacteria;p__Bacillota;c__Clostridia;o__Oscillospirales;f__Ruminococcaceae;g__Paludicola;s__	0.7982912419654785
366bb3ddd63d135bec172051cf2cfe0a	d__Bacteria;p__Actinomycetota;c__Actinobacteria;o__Actinomycetales;f__Actinomycetaceae;g__Actinomyces;s__	0.9998268220016221
0fd0d931e539ae60c0fba2e5e7f05285	d__Bacteria;p__Bacillota;c__Bacilli;o__Erysipelotrichales;f__Erysipelotrichaceae;g__Turicibacter;s__	0.9999997371080046
6186ddf37c1ac6991424e60b3a503d29	d__Bacteria;p__Bacillota;c__Clostridia;o__Clostridia_vadinBB60_group;f__Incertae_Sedis;g__Incertae_Sedis;s__	0.9995497430348272
cd7fb34b8b187a4aca074f6c8b4e4511	d__Bacteria;p__Bacillota;c__Clostridia;o__Lachnospirales;f__Lachnospiraceae	0.9999996293311951
9554cc3833549c23e480e5fe4990f4be	d__Bacteria;p__Bacillota;c__Clostridia;o__Oscillospirales;f__Oscillospiraceae;g__UCG-003;s__	0.9991448632722033
91a4a359c89df1285645d1853290d71f	d__Bacteria;p__Bacillota;c__Clostridia	0.9945285143715704
6858f6b7c44843277067f70f40815f52	d__Bacteria;p__Bacillota;c__Bacilli;o__Lactobacillales;f__Streptococcaceae;g__Streptococcus;s__	0.9999673617675472
c664f648f475bfd863f78a957eebe65a	d__Bacteria;p__Bacillota;c__Clostridia;o__Lachnospirales;f__Lachnospiraceae	0.9999765110413104
9661c408d03849548f118a5d7eddd146	d__Bacteria;p__Bacillota;c__Clostridia;o__Clostridiales;f__Clostridiaceae;g__Sarcina;s__	0.9963117108263478
c973e687a7befb9ba59a4245c59fe1ef	d__Bacteria;p__Bacillota;c__Clostridia;o__Peptostreptococcales-Tissierellales;f__Peptostreptococcaceae;g__Paeniclostridium;s__	0.9905136297516239
98389d4c0221f62f6af47e5ba63a4acd	d__Bacteria;p__Bacillota;c__Negativicutes;o__Veillonellales-Selenomonadales;f__Sporomusaceae;g__Anaerosinus;s__	0.7666571749715895
9a76c2c2904fcae623e236b6818a712e	d__Bacteria;p__Bacteroidota;c__Bacteroidia;o__Bacteroidales;f__Tannerellaceae;g__Parabacteroides;s__	0.9999999991765236
df1e3db8a1faf4439c34564e9698099a	d__Bacteria;p__Bacteroidota;c__Bacteroidia;o__Bacteroidales;f__Barnesiellaceae;g__Coprobacter;s__	0.9999999999410676
0f603a9018080b298f6f858569d3b3e2	d__Bacteria;p__Bacillota;c__Clostridia;o__Oscillospirales;f__Oscillospiraceae;g__UCG-005;s__	0.7109841874729904
0c8c712659cf39aec314278ad552c0ed	d__Bacteria;p__Bacillota;c__Bacilli;o__Erysipelotrichales;f__Erysipelatoclostridiaceae;g__Massiliomicrobiota;s__	0.9999995863854709
069fb6adb4ea03817210b9fc87d5858e	d__Bacteria;p__Bacillota;c__Clostridia;o__Lachnospirales;f__Lachnospiraceae	0.999997994525438
ef1243f7818d1e35c1e968e8539173cf	d__Bacteria;p__Bacillota;c__Clostridia;o__Oscillospirales;f__Ruminococcaceae;g__Anaerotruncus;s__	0.9998684970635662
d4451ce798c2c730d419f56fa16ca60e	d__Bacteria;p__Bacillota;c__Clostridia;o__Lachnospirales;f__Lachnospiraceae	0.9998593454485808
b1223a374056c59531e36b82f9200e51	d__Bacteria;p__Bacillota;c__Bacilli;o__Lactobacillales;f__Lactobacillaceae;g__Leuconostoc;s__	0.9999999953774648
cf4a3714646f3c97bb3489da222228b7	d__Bacteria;p__Bacillota;c__Clostridia;o__Oscillospirales	0.7229006346625536
cd5b7f7211526a4109099a6fd4b01aab	d__Bacteria;p__Bacillota;c__Clostridia;o__Lachnospirales;f__Defluviitaleaceae;g__Defluviitaleaceae_UCG-011;s__	0.9999281961521974
637179b0f9e57d5db65e9c6c3d218ffe	d__Bacteria;p__Bacillota;c__Clostridia;o__Lachnospirales;f__Lachnospiraceae	0.9999997073492732
c28057f4aafee2b1b023e9bcef7a032b	d__Bacteria;p__Bacillota;c__Clostridia;o__Oscillospirales;f__Oscillospiraceae;g__Colidextribacter;s__	0.9965637652411898
a8f44cad27cf544c386bfdfc9265c4da	d__Bacteria;p__Bacillota;c__Negativicutes;o__Veillonellales-Selenomonadales;f__Veillonellaceae;g__Veillonella;s__	0.9999999562170824
4f5efd25dacb5d639316e7291ff6ff8b	d__Bacteria;p__Pseudomonadota;c__Gammaproteobacteria;o__Burkholderiales;f__Neisseriaceae;g__Neisseria;s__	0.9833423323040921
0b9bfdf64ae4d75efe841e54d6d5682f	d__Bacteria;p__Actinomycetota;c__Coriobacteriia;o__Coriobacteriales;f__Atopobiaceae;g__Tractidigestivibacter;s__	0.9999893780282001
c3e8496b70f7341450e298f29c5fa4e5	d__Bacteria;p__Bacillota;c__Clostridia;o__Lachnospirales;f__Lachnospiraceae;g__[Eubacterium]_xylanophilum_group;s__	0.999228400717673
eaf982a878cca99dfffd2f22a3ace82c	d__Bacteria;p__Bacillota;c__Clostridia;o__Oscillospirales;f__Ruminococcaceae;g__Ruminococcus;s__	0.9999004406016815
cb9c616b9eb313c8d695508b507bf087	d__Bacteria;p__Bacillota;c__Clostridia;o__Peptostreptococcales-Tissierellales;f__Anaerovoracaceae;g__Family_XIII_AD3011_group;s__	0.981433437498941
10d04714884a162520f0f12411962957	d__Bacteria;p__Bacillota;c__Clostridia;o__Clostridia_vadinBB60_group;f__Incertae_Sedis;g__Incertae_Sedis;s__	0.9995908815242414
37f004671c936285c26471120596b2f5	d__Bacteria;p__Bacillota;c__Clostridia;o__Clostridiales;f__Clostridiaceae;g__Sarcina;s__	0.999098316745632
504efe2f63f610a0f92e8cd040e2f916	d__Bacteria;p__Bacillota;c__Clostridia;o__Oscillospirales;f__Ruminococcaceae;g__Negativibacillus;s__	0.9999997732099333
81b0af5710b83eca45bef65a75f7794f	d__Bacteria;p__Bacillota;c__Clostridia;o__Christensenellales;f__Christensenellaceae;g__Incertae_Sedis;s__	0.8279213956861637
d8a42db5c61062f2a7b11fcdf03a65d5	d__Bacteria;p__Bacillota;c__Clostridia;o__Lachnospirales;f__Lachnospiraceae;g__Marvinbryantia;s__	0.9547574973340318
dc41692600de807e3e76f265cdc14075	d__Bacteria;p__Bacillota;c__Clostridia;o__Lachnospirales;f__Lachnospiraceae;g__Mediterraneibacter;s__	0.8638101368164263
c92ac62278a485f343ab1c271bb2d30c	d__Bacteria;p__Bacillota;c__Negativicutes;o__Veillonellales-Selenomonadales;f__Veillonellaceae;g__Anaeroglobus;s__	0.9999997736099545
2799ad5c90e307f0e897fecda5a2924e	d__Bacteria;p__Bacillota;c__Clostridia;o__Lachnospirales;f__Lachnospiraceae;g__Eisenbergiella;s__	0.729679577645529
18165d4aed278d0f17ac4432707e7675	d__Bacteria;p__Bacillota;c__Clostridia;o__Monoglobales;f__Monoglobaceae;g__Monoglobus;s__	0.9978224939641268
aeed7fbbb5ce03217542668a8a6bbf1c	d__Bacteria;p__Bacillota;c__Bacilli;o__Erysipelotrichales;f__Erysipelatoclostridiaceae;g__Thomasclavelia;s__	0.9999992592310932
8a4904bfdfdbf084ada26bb0e5131714	d__Bacteria;p__Bacteroidota;c__Bacteroidia;o__Bacteroidales;f__Porphyromonadaceae;g__Porphyromonas;s__	0.9999990925716697
7751c6ba53e60a05648b7d333fed7634	d__Bacteria;p__Bacillota;c__Clostridia;o__Peptostreptococcales-Tissierellales;f__Peptostreptococcaceae;g__Intestinibacter;s__	0.9877656552908395
820f6693f569e339f183638cd73a7fe6	d__Bacteria;p__Actinomycetota;c__Actinobacteria;o__Mycobacteriales;f__Corynebacteriaceae;g__Lawsonella;s__	0.9999999972676363
4671c13ee0900508c3b4c82f68e09444	d__Bacteria;p__Bacteroidota;c__Bacteroidia;o__Bacteroidales;f__Marinifilaceae;g__Odoribacter;s__	0.9999999999894555
535c0035c8256175cc840f4170bb074c	d__Bacteria;p__Bacteroidota;c__Bacteroidia;o__Bacteroidales;f__Tannerellaceae;g__Parabacteroides;s__	0.9999999916048381
8288851f251eebdef1f667427dc6ae0e	d__Bacteria;p__Pseudomonadota;c__Gammaproteobacteria;o__Burkholderiales;f__Aquaspirillaceae;g__Microvirgula;s__	0.9999344848779409
5a2676b27aa16876cffaca5a4dca4669	d__Bacteria;p__Actinomycetota;c__Actinobacteria;o__Actinomycetales;f__Actinomycetaceae;g__Schaalia;s__	0.9885771103492957
31ae90207edd94c7ec56db3a9778c2e7	d__Bacteria;p__Bacteroidota;c__Bacteroidia;o__Bacteroidales;f__Prevotellaceae;g__Hoylesella;s__	0.9999936411872975
78500a9f64f33ec04e40892a3f534176	d__Bacteria;p__Bacillota;c__Clostridia;o__Lachnospirales;f__Lachnospiraceae;g__Lachnospiraceae_UCG-010;s__	0.9996517673136082
a07dbd6b81597b810de81ac0ad6caf26	d__Bacteria;p__Bacillota;c__Clostridia;o__Oscillospirales;f__Butyricicoccaceae;g__Agathobaculum;s__	0.8994383171231193
ca070986833cb76ab84070eb40df1975	d__Bacteria;p__Fusobacteriota;c__Fusobacteriia;o__Fusobacteriales;f__Leptotrichiaceae;g__Pseudoleptotrichia;s__	0.9985422654520527
26736c7ee02864e6bbab37424d69a4ed	d__Bacteria;p__Bacillota;c__Clostridia;o__Christensenellales;f__Christensenellaceae	0.8056076933892575
06efa8e923453e1a7c2c1c40d7cdc42a	d__Bacteria;p__Bacillota;c__Clostridia;o__Oscillospirales;f__Ethanoligenenaceae;g__Acetanaerobacterium;s__	0.999328821501846
827d941bc9a201f014fb0a789f859ad5	d__Bacteria;p__Bacillota;c__Clostridia;o__Eubacteriales;f__Anaerofustaceae;g__Anaerofustis;s__	0.9999999995795719
2752d60ef0782208475d8606e6442aa9	d__Bacteria;p__Actinomycetota;c__Actinobacteria;o__Actinomycetales;f__Actinomycetaceae;g__Schaalia;s__	0.8501227763815286
5a995ef0ef454381562fe4d6909fa8d4	d__Bacteria;p__Bacillota;c__Clostridia;o__Oscillospirales;f__Oscillospiraceae;g__Colidextribacter;s__	0.9987177704809761
6d4fe16838ce84397bd418e10a2616d0	d__Bacteria;p__Bacillota;c__Bacilli;o__Erysipelotrichales;f__Erysipelatoclostridiaceae;g__Longibaculum;s__	0.8757588295648332
263dd27eecec232de5af17bd4f6de61b	d__Bacteria;p__Bacillota;c__Clostridia;o__Lachnospirales;f__Lachnospiraceae	0.9999919383434916
ff9d93d7b7e46787568f2d241caeaf3b	d__Bacteria;p__Pseudomonadota;c__Gammaproteobacteria;o__Pseudomonadales;f__Pseudomonadaceae;g__Pseudomonas;s__	0.9933091233646013
eebc27bcf8bcb13a692001530892f5d5	d__Bacteria;p__Bacillota;c__Negativicutes;o__Acidaminococcales;f__Acidaminococcaceae;g__Phascolarctobacterium;s__	0.9999698528660864
c5ec23b5e73a33133aa0fcf9acd58650	d__Bacteria;p__Bacillota;c__Clostridia;o__Oscillospirales;f__Oscillospiraceae;g__Colidextribacter;s__	0.9988999516465825
c9345568a1a260b9226ed690c81c260f	d__Bacteria;p__Bacillota;c__Bacilli;o__Lactobacillales;f__Lactobacillaceae;g__Agrilactobacillus;s__	0.9277776933093386
47b098c7edc1e61aef6d211df51b8d96	d__Bacteria;p__Bacillota;c__Clostridia;o__Lachnospirales;f__Lachnospiraceae;g__Mediterraneibacter;s__	0.8462724461917411
e5a449858928f5c76ff9604cddd47110	d__Bacteria;p__Actinomycetota;c__Actinobacteria;o__Micrococcales;f__Dermabacteraceae;g__Dermabacter;s__	0.9999439009421285
923fed1e3a5c67f886eb287b585a924a	d__Bacteria;p__Bacillota;c__Clostridia;o__Lachnospirales;f__Lachnospiraceae;g__GCA-900066575;s__	0.9910220188469805
f998b55dc9b150b36030120a29c2f1f3	d__Bacteria;p__Actinomycetota;c__Actinobacteria;o__Actinomycetales;f__Actinomycetaceae;g__Gleimia;s__	0.9999999849137852
34b046035bd8b7b7b993b565249b1976	d__Bacteria;p__Bacillota	0.9999994005936418
adb3b44f743586c33d9be6bd90d9dd1c	d__Bacteria;p__Bacillota;c__Clostridia;o__Oscillospirales;f__Butyricicoccaceae;g__UCG-008;s__	0.751729130167046
2dd4add86c5c9fb1b0217f078e831c10	d__Bacteria;p__Bacillota;c__Bacilli;o__Erysipelotrichales;f__Erysipelotrichaceae;g__Faecalitalea;s__	0.9963053924257008
97e58f0c921abc668728f78ee94f3d93	d__Bacteria;p__Bacillota;c__Clostridia;o__Christensenellales;f__Christensenellaceae;g__Christensenellaceae_R-7_group;s__	0.9246372015194654
fd94fe8dd072f93b7ddbb7c8be8d995b	d__Bacteria;p__Bacillota;c__Clostridia;o__Oscillospirales;f__Ruminococcaceae;g__Acutalibacter;s__	0.9977894676601943
a7c367beef72574e1d66781545a0674a	d__Bacteria;p__Bacillota;c__Negativicutes;o__Veillonellales-Selenomonadales;f__Selenomonadaceae;g__Centipeda;s__	0.9864651440503129
6ff4463ed68f92afb01b5c1aca7a9fca	d__Bacteria;p__Bacillota;c__Clostridia;o__Lachnospirales;f__Lachnospiraceae;g__GCA-900066575;s__	0.9756645257600016
d6aca1ce3a8896b5a4ac550a4108ddd9	d__Bacteria;p__Bacillota;c__Clostridia;o__Oscillospirales;f__Ruminococcaceae;g__Incertae_Sedis;s__	0.8419362543968623
6fe15c78022c1b27688de5f58f793db8	d__Bacteria;p__Bacillota;c__Clostridia;o__Oscillospirales;f__Ruminococcaceae;g__[Clostridium]_methylpentosum_group;s__	0.9983396646349706
99b35eca0da58ccf8b26089b66e013d4	d__Bacteria;p__Actinomycetota;c__Coriobacteriia;o__Coriobacteriales;f__Coriobacteriaceae;g__Enorma;s__	0.9999989558227662
1a0ff3893cde016703765f2e84293333	d__Bacteria;p__Bacillota;c__Clostridia;o__Peptostreptococcales-Tissierellales;f__Anaerovoracaceae	0.99999999576395
fd142f8d5321b7cc15800fa19096a231	d__Bacteria;p__Bacillota;c__Clostridia;o__Peptostreptococcales-Tissierellales;f__Family_XI;g__Peptoniphilus;s__	0.9999992661767144
32f8fd11d2bee278d609a1d4ab767554	d__Bacteria;p__Bacteroidota;c__Bacteroidia;o__Bacteroidales;f__Prevotellaceae;g__Prevotella;s__	0.999996213066731
889f033ba9c5bb9a721a2c7c84816ca6	d__Bacteria;p__Bacillota;c__Clostridia;o__Peptostreptococcales-Tissierellales;f__Anaerovoracaceae;g__[Eubacterium]_brachy_group;s__	0.9985210400554463
97a604f0b7677461325e10432ce78290	d__Bacteria;p__Bacillota;c__Clostridia;o__Oscillospirales;f__Ruminococcaceae;g__Angelakisella;s__	0.9967563120144889
dd6c6db0c7016ecce184cc9ca510f229	d__Bacteria;p__Bacillota;c__Clostridia;o__Clostridia_vadinBB60_group;f__Incertae_Sedis;g__Incertae_Sedis;s__	0.9999995380742278
50c2e92f3b001c0f07a654b597605f95	d__Bacteria;p__Bacillota;c__Clostridia;o__Oscillospirales;f__Oscillospiraceae;g__Flavonifractor;s__	0.8765195881131519
af691ca2a4530ac05fa219914939c3ac	d__Bacteria;p__Bacillota;c__Clostridia;o__Lachnospirales;f__Lachnospiraceae;g__Anaerobutyricum;s__	0.999999600780862
f950c6c3b3c70ce3c1952becb1e4e319	d__Bacteria;p__Bacillota;c__Clostridia;o__Lachnospirales;f__Lachnospiraceae;g__Eisenbergiella;s__	0.9990770953961268
6d52536b55ab19ff41c247db9d081d01	d__Bacteria;p__Bacillota;c__Clostridia;o__Oscillospirales;f__Butyricicoccaceae;g__Agathobaculum;s__	0.9849071299761167
48782307120574c67aaa25ec7ce686ba	d__Bacteria;p__Bacillota;c__Bacilli;o__Bacillales;f__Bacillaceae	0.9997105444974498
5df961fb3d23d3298fc69fe1616b1cbd	d__Bacteria;p__Bacillota;c__Negativicutes;o__Acidaminococcales;f__Acidaminococcaceae;g__Phascolarctobacterium;s__	0.9999958086051792
92aee485429cadafd7fcb3f531d5746f	d__Bacteria;p__Bacteroidota;c__Bacteroidia;o__Bacteroidales;f__Tannerellaceae;g__Parabacteroides;s__	0.99999777665593
59fde92361d7af5a12b89009cc1665c3	d__Bacteria;p__Bacillota;c__Clostridia;o__Lachnospirales;f__Lachnospiraceae	0.9999997372787056
36fd6eb75e24fe3e4e6d664b393e88a4	d__Bacteria;p__Bacillota;c__Negativicutes;o__Veillonellales-Selenomonadales;f__Veillonellaceae;g__Negativicoccus;s__	0.9999999997181561
acaff31887cd034e7fcb3aa96a8e0d06	d__Bacteria;p__Thermodesulfobacteriota;c__Desulfovibrionia;o__Desulfovibrionales;f__Desulfovibrionaceae;g__Bilophila;s__	0.9999992522139631
9845bd0223e4f28dfdcb21b6bf541161	d__Bacteria;p__Bacillota;c__Clostridia;o__Oscillospirales;f__Ruminococcaceae;g__Pygmaiobacter;s__	0.9179183763043788
839a9ecc3aa835396a25f5bb0be485ef	d__Bacteria;p__Bacillota;c__Clostridia;o__Christensenellales;f__Christensenellaceae;g__Incertae_Sedis;s__	0.9993212947581692
07ce220d5d014645f410fdca67d41f11	d__Bacteria;p__Fusobacteriota;c__Fusobacteriia;o__Fusobacteriales;f__Fusobacteriaceae;g__Fusobacterium;s__	0.999985458868787
9fabd52eb6e561d9f3a5c8ed967a1cc1	d__Bacteria;p__Bacillota;c__Bacilli;o__RF39;f__Incertae_Sedis;g__Incertae_Sedis;s__	0.9999999997526885
6c39d91ebfdeb9f2cf2d17825ef6579a	d__Bacteria;p__Pseudomonadota;c__Alphaproteobacteria;o__Rickettsiales;f__Mitochondria;g__Incertae_Sedis;s__	1.0
f9612c98d79c37a803a973724113cef6	d__Bacteria;p__Actinomycetota;c__Coriobacteriia;o__Coriobacteriales;f__Atopobiaceae;g__Lancefieldella;s__	0.9991962466901914
a6d3beca765c1e2453b658614facf89f	d__Bacteria;p__Bacillota;c__Clostridia;o__Oscillospirales;f__Ruminococcaceae;g__Ruminococcus;s__	0.8189619664847778
9e0326554068ca2dfdaf5f8ab043fea8	d__Bacteria;p__Bacillota;c__Clostridia;o__Christensenellales;f__Christensenellaceae;g__Incertae_Sedis;s__	0.9997371059908592
ea00763b3eff28e6e109d14cb2cff8d5	d__Bacteria;p__Bacillota;c__Clostridia;o__Oscillospirales;f__Ruminococcaceae;g__Anaerofilum;s__	0.9999971463855603
82ce7d6661100567e07fb6a2f2b5159e	d__Bacteria;p__Bacillota;c__Clostridia;o__Oscillospirales;f__Ruminococcaceae;g__Paludicola;s__	0.9993812942809341
7c9bba28743eed0421bf944baafce708	d__Bacteria;p__Bacillota;c__Clostridia;o__Christensenellales;f__Christensenellaceae;g__Christensenellaceae_R-7_group;s__	0.9912803075865751
bff072be6820bb768214374ffe47a137	d__Bacteria;p__Bacillota;c__Clostridia;o__Eubacteriales;f__Anaerofustaceae;g__Anaerofustis;s__	0.9999999998316156
5a659fafd2c2859a9777c3fed0f5d304	d__Bacteria;p__Bacillota;c__Clostridia;o__Oscillospirales;f__Oscillospiraceae;g__Oscillibacter;s__	0.9339846008718372
300568e1ddcb6356519af1a75ab2df4b	d__Bacteria;p__Bacillota;c__Clostridia;o__Peptostreptococcales-Tissierellales;f__Anaerovoracaceae;g__Mogibacterium;s__	0.999998951229638
29fbc7e5021229480248fa7466a499a2	d__Bacteria;p__Bacillota;c__Bacilli;o__Lactobacillales;f__Aerococcaceae;g__Abiotrophia;s__	0.9999865606072967
83cc8533c24c52cb668f270c2c9213b2	d__Bacteria;p__Bacillota;c__Clostridia;o__Lachnospirales;f__Defluviitaleaceae;g__Defluviitaleaceae_UCG-011;s__	0.9999799905620423
b7b4ecb07e1719860260746a5443092a	d__Bacteria;p__Bacteroidota;c__Bacteroidia;o__Bacteroidales;f__Prevotellaceae;g__Prevotella;s__	0.9998520498502952
310b8b4683192678bb4cdb5cde36405a	d__Bacteria;p__Bacillota;c__Clostridia;o__Lachnospirales;f__Lachnospiraceae	0.9999940695277341
e78d28b0c959b6e035caad98e3288205	d__Bacteria;p__Cyanobacteriota;c__Cyanobacteriia;o__Chloroplast;f__Incertae_Sedis;g__Incertae_Sedis;s__	0.999999999995822
b250d27301547aede6c1d52ce67e6e2b	d__Bacteria;p__Bacillota;c__Bacilli;o__Lactobacillales;f__Lactobacillaceae;g__Levilactobacillus;s__	0.9967246402194724
2721fd42d5373667f111c60faaf21eac	d__Bacteria;p__Actinomycetota;c__Actinobacteria;o__Micrococcales;f__Micrococcaceae;g__Rothia;s__	0.9999947652052606
c3337d877a02fb500fc37be8aa4fd234	d__Bacteria;p__Bacillota;c__Clostridia;o__Peptostreptococcales-Tissierellales;f__Anaerovoracaceae;g__Family_XIII_AD3011_group;s__	0.998493834080543
ae94aa5faaa29c5abe3821ae721ab961	d__Bacteria;p__Bacteroidota;c__Bacteroidia;o__Flavobacteriales	0.7564677756861959
58c23bb9dd49a37741cc0232f1af0ce6	d__Bacteria;p__Bacillota;c__Clostridia;o__Oscillospirales;f__Ruminococcaceae;g__Ruminococcus;s__	0.9999730830930138
da1d26d90a7443d34675778207d2c227	d__Bacteria;p__Bacillota;c__Clostridia;o__Oscillospirales;f__Oscillospiraceae;g__Colidextribacter;s__	0.7774006882042875
eebdf542c58b46b9406e8329ec3c4637	d__Bacteria;p__Bacillota;c__Clostridia;o__Peptostreptococcales-Tissierellales;f__Family_XI;g__Anaerococcus;s__	1.0
a217d181358e7ff958707d8fc3a5a65d	d__Bacteria;p__Bacillota;c__Clostridia;o__Oscillospirales;f__Ruminococcaceae;g__[Clostridium]_methylpentosum_group;s__	0.9846830357828866
7e7d68f511a7019ad4a8d6b9b8138e34	d__Bacteria;p__Bacillota;c__Clostridia;o__Oscillospirales;f__Oscillospiraceae;g__Colidextribacter;s__	0.9988108523335388
16f9dd954bb82594f925ac3b95c9534a	d__Bacteria;p__Bacillota;c__Clostridia;o__Oscillospirales;f__Ruminococcaceae;g__Incertae_Sedis;s__	0.7986746823442572
07dc26a82892a88c4f1f680a6629ae3f	d__Bacteria;p__Actinomycetota;c__Coriobacteriia;o__Coriobacteriales;f__Eggerthellaceae;g__Slackia;s__	0.9999962736357384
57a2b7f3845e9dc1a8bf96b2539bde57	d__Bacteria;p__Bacillota;c__Clostridia;o__Oscillospirales;f__Ruminococcaceae;g__Paludicola;s__	0.9419773917097715
0bc8d5e049a44c68e5a0cf65391e1bf1	d__Bacteria;p__Bacillota;c__Clostridia;o__Oscillospirales;f__Ruminococcaceae;g__Candidatus_Soleaferrea;s__	0.7567535358367455
b3d2cc3b9f0184830bec2ef73bcc6166	d__Bacteria;p__Bacillota;c__Bacilli;o__Lactobacillales;f__Streptococcaceae;g__Lactococcus;s__	0.9991977343400333
32702e5136f76e35f3599176e177437d	d__Bacteria;p__Bacillota;c__Clostridia;o__Peptostreptococcales-Tissierellales;f__Anaerovoracaceae	0.9999999843101253
f029da12c7745c40813dbd365c2795f4	d__Bacteria;p__Bacillota;c__Clostridia;o__Lachnospirales;f__Lachnospiraceae;g__Murimonas;s__	0.9977371261570951
c9c1ee8630a105930fda493dd4ab080a	d__Bacteria;p__Bacillota;c__Clostridia;o__Clostridiales;f__Clostridiaceae;g__Clostridium;s__	0.9996977556165637
75e0e2f88e38e8608eb1e621ccdd456d	d__Bacteria;p__Bacillota;c__Clostridia;o__Oscillospirales;f__Ruminococcaceae	0.9998850222218348
23d6e67ff377b63cc8506920f662b5a5	d__Bacteria;p__Bacillota;c__Clostridia;o__Lachnospirales;f__Lachnospiraceae	0.9999177237932672
b025103070acfe3734eaaa4db117f46e	d__Bacteria;p__Bacillota;c__Clostridia;o__Lachnospirales;f__Lachnospiraceae;g__Dorea;s__	0.9686192067763812
72c00259c4e4a7e83bd1da715bf6cf20	d__Bacteria;p__Bacillota;c__Bacilli;o__Erysipelotrichales;f__Erysipelotrichaceae;g__Turicibacter;s__	0.9997431060224974
ba48cb83459c7305cd4f8f9c50147fbd	d__Bacteria;p__Cyanobacteriota;c__Cyanobacteriia;o__Chloroplast;f__Incertae_Sedis;g__Incertae_Sedis;s__	0.9999999954160188
ea7064a0fdbb5228b7a0c9ed23e012d2	d__Bacteria;p__Bacillota;c__Clostridia;o__Oscillospirales;f__Oscillospiraceae;g__Papillibacter;s__	0.9880197250885743
28e6e18302d31dc8d823cd83f95f62dd	d__Bacteria;p__Bacillota;c__Clostridia;o__Oscillospirales;f__Ruminococcaceae	0.9070986824442553
d2403b7ef43c9e71672424a5302af833	d__Bacteria;p__Bacillota;c__Clostridia;o__Oscillospirales;f__[Eubacterium]_coprostanoligenes_group;g__Incertae_Sedis;s__	0.9948178201430462
97664d1d13be672de6bce708c584b517	d__Bacteria;p__Bacillota;c__Clostridia;o__Christensenellales;f__Christensenellaceae;g__Christensenellaceae_R-7_group;s__	0.9865797927564156
922d33a2963d3e87a3d4df6b82371235	d__Bacteria;p__Bacillota;c__Bacilli;o__Staphylococcales;f__Staphylococcaceae;g__Staphylococcus;s__	0.9161783149289898
18812bd61aeb2cea2081498cfa9ee3c8	d__Bacteria;p__Bacteroidota;c__Bacteroidia;o__Bacteroidales;f__Tannerellaceae;g__Parabacteroides;s__	0.9498222903991594
08db4cae628ef6843fc7d9abd1c1f761	d__Bacteria;p__Bacillota;c__Clostridia;o__Peptostreptococcales-Tissierellales;f__Anaerovoracaceae	0.9999999997521303
425472796aa9134aeec65e97421b7236	d__Bacteria;p__Bacillota;c__Bacilli;o__Lactobacillales;f__Lactobacillaceae;g__Weissella;s__	0.9999996942623893
72692f8860dd25e796abdda278878b79	d__Bacteria;p__Bacillota;c__Clostridia;o__Oscillospirales;f__UCG-010;g__Incertae_Sedis;s__	0.999999134661143
3aad083a4c822d27071d1ff6163cbfb2	d__Bacteria;p__Bacillota;c__Bacilli;o__Izemoplasmatales;f__Incertae_Sedis;g__Incertae_Sedis;s__	0.9999999962731039
860794d17974c0af1d8e6db31030e4b2	d__Bacteria;p__Bacillota;c__Clostridia;o__Oscillospirales;f__Oscillospiraceae	0.9987968685584878
cb908ae7d11351c78c0e4ce0d849c744	d__Bacteria;p__Bacillota;c__Clostridia;o__Oscillospirales;f__Ruminococcaceae;g__Fournierella;s__	0.9998976481186387
643344d43c3ccd2847d383e2379f1917	d__Bacteria;p__Bacteroidota;c__Bacteroidia;o__Bacteroidales;f__Porphyromonadaceae;g__Porphyromonas;s__	0.9999999345584335
c70a1f69d874807861c9285e6f0dcb96	d__Bacteria;p__Bacillota;c__Clostridia;o__Lachnospirales;f__Lachnospiraceae;g__[Eubacterium]_xylanophilum_group;s__	0.934106897724069
2f8e1e297e2b86ac16789cb1b26cf00d	d__Bacteria;p__Bacillota;c__Bacilli;o__Erysipelotrichales;f__Erysipelatoclostridiaceae;g__Thomasclavelia;s__	0.9999994171213011
8b414a059be1b8812e888b7c4d47bb2f	d__Bacteria;p__Bacillota;c__Clostridia;o__Oscillospirales;f__Ruminococcaceae;g__Acutalibacter;s__	0.9999208205732643
53278e7b1b6c36b3e2c85c204ae1be80	d__Bacteria;p__Bacillota;c__Clostridia;o__Oscillospirales;f__Ruminococcaceae	0.9999997908557732
079fc0fefab05e2a40bba7c0afee5125	d__Bacteria;p__Bacillota;c__Clostridia;o__Oscillospirales;f__Ruminococcaceae;g__Subdoligranulum;s__	0.852002820771016
a1642ee93cbc5a4d6b2816c0a116cf42	d__Bacteria;p__Bacillota;c__Clostridia;o__Oscillospirales;f__UCG-010;g__Incertae_Sedis;s__	0.9999998972507081
6d860023f7cb5928a25af41e9f53ed30	d__Bacteria;p__Bacteroidota;c__Bacteroidia;o__Bacteroidales;f__Porphyromonadaceae;g__Porphyromonas;s__	0.9999998656969301
08b68bbdb2357e7e69a41cf882a8f264	d__Bacteria;p__Bacillota;c__Bacilli;o__Lactobacillales;f__Streptococcaceae;g__Streptococcus;s__	0.999539760061543
e5aa69263cef59f071bdab7e14184015	d__Bacteria;p__Bacteroidota;c__Bacteroidia;o__Bacteroidales;f__Bacteroidaceae;g__Bacteroides;s__	0.9993826292371023
10f5ab84262ccecd88030f2662ff4cb4	d__Bacteria;p__Bacillota;c__Clostridia;o__Lachnospirales;f__Lachnospiraceae	0.9999991934102619
987bd2140c89b652cfafee7f4291e851	d__Bacteria;p__Bacteroidota;c__Bacteroidia;o__Bacteroidales;f__Tannerellaceae;g__Parabacteroides;s__	0.9999980105924813
ea18b9e873a6fb139d8928f61ff7d3b7	d__Bacteria;p__Bacillota;c__Clostridia;o__Lachnospirales;f__Lachnospiraceae;g__Shuttleworthia;s__	0.9582804366064159
b60dfc74b3e5bd46247d99bfd2ad3c10	d__Bacteria;p__Bacillota;c__Clostridia;o__Lachnospirales;f__Lachnospiraceae	0.9999999644329931
d0ab1c7b882feebfceecd81a58576e72	d__Bacteria;p__Bacillota;c__Clostridia;o__Clostridia_vadinBB60_group;f__Incertae_Sedis;g__Incertae_Sedis;s__	0.9998597797721044
c3f21101b8845fd1c974cb14578fb119	d__Bacteria;p__Bacillota;c__Clostridia;o__Christensenellales;f__Christensenellaceae;g__Incertae_Sedis;s__	0.9995011107771044
d60134bc4ab65be6179aa923ba12ff2b	d__Bacteria;p__Bacillota;c__Clostridia;o__Clostridia_vadinBB60_group;f__Incertae_Sedis;g__Incertae_Sedis;s__	0.999658026771697
6b6d2bd395f01106087a5b166c7fdcc3	d__Bacteria;p__Bacillota;c__Clostridia;o__Lachnospirales;f__Lachnospiraceae;g__Lachnospiraceae_UCG-010;s__	0.9208950661418686
218c409a1b9b9671bbd802d1f2ccb662	d__Bacteria;p__Pseudomonadota;c__Gammaproteobacteria;o__Burkholderiales;f__Sutterellaceae;g__Parasutterella;s__	0.999996383928207
1fc9ec3a3fdc7d611ed88ee82f5c69f0	d__Bacteria;p__Bacillota;c__Clostridia;o__Lachnospirales;f__Lachnospiraceae;g__Lachnospiraceae_FE2018_group;s__	0.8202243390592568
37e86afc00a6b455cd94c942fb230114	d__Bacteria;p__Bacteroidota;c__Bacteroidia;o__Bacteroidales;f__Bacteroidaceae;g__Bacteroides;s__	0.9975614121782159
c072b53a13bb032cf7ebd84b996bb18f	d__Bacteria;p__Bacillota;c__Clostridia;o__Oscillospirales;f__Oscillospiraceae;g__Colidextribacter;s__	0.9997188442655288
16b4248e98e31fb47c943a2dd3a5a447	d__Bacteria;p__Bacteroidota;c__Bacteroidia;o__Bacteroidales;f__Bacteroidaceae;g__Bacteroides;s__	0.999979749223884
9848c4276e8ab822c1ad47c11f6f0a6a	d__Bacteria;p__Bacteroidota;c__Bacteroidia;o__Bacteroidales;f__Tannerellaceae;g__Parabacteroides;s__	0.9876190358186827
a1f6d1d4f550e540fc5f541220ed793f	d__Bacteria;p__Bacillota;c__Clostridia;o__Lachnospirales;f__Lachnospiraceae;g__Anaerostipes;s__	0.9559724811577173
4245fe74d6dc62e222f933d3dc8502f5	d__Bacteria;p__Bacillota;c__Clostridia;o__Peptostreptococcales-Tissierellales;f__Family_XI;g__Anaerococcus;s__	0.9999999999999716
e83863d437e65999ce6a98f47e3adaab	d__Bacteria;p__Bacillota;c__Clostridia;o__Oscillospirales;f__Ruminococcaceae;g__Acutalibacter;s__	0.997682438866733
cd307c3e545ae628053c348db1b8ec7a	d__Bacteria;p__Bacillota;c__Clostridia;o__Lachnospirales;f__Lachnospiraceae	0.999994352692813
f1c14db955660c59d2d2ac233bb9bac8	d__Bacteria;p__Bacillota;c__Negativicutes;o__Veillonellales-Selenomonadales;f__Veillonellaceae;g__Negativicoccus;s__	0.9999999999954099
8c86fd421716e2694b4de25371d82a87	d__Bacteria;p__Bacillota;c__Clostridia;o__Oscillospirales;f__Ruminococcaceae;g__Hydrogenoanaerobacterium;s__	0.8100954566072924
5643ec505d91e045dbaf40b6037e432a	d__Bacteria;p__Bacillota;c__Clostridia;o__Christensenellales;f__Christensenellaceae;g__Christensenellaceae_R-7_group;s__	0.9566585482253886
7c9d63ea03311fdd9765198ef24b3673	d__Bacteria;p__Bacillota;c__Clostridia;o__Peptostreptococcales-Tissierellales;f__Family_XI	0.999999999903325
b871d9992cf3c16ed6ab1604ffff5ed4	d__Bacteria;p__Bacillota;c__Clostridia;o__Eubacteriales;f__Anaerofustaceae;g__Anaerofustis;s__	0.9994889014535202
a8b4b0d58275413b83f3fe9986834bb9	d__Bacteria;p__Bacillota;c__Clostridia;o__Oscillospirales;f__Oscillospiraceae;g__UCG-005;s__	0.9993636334363252
f15b340c8f48669bcd57ce038df0ccb0	d__Bacteria;p__Bacillota;c__Clostridia;o__Lachnospirales;f__Lachnospiraceae	0.9999921365166022
a01b3da2645cda5a1311bca65b756fb2	d__Bacteria;p__Bacillota;c__Bacilli;o__Erysipelotrichales;f__Erysipelotrichaceae;g__Dielma;s__	0.999985056209217
66ebb5d3b8e84ef2e15e2159720e3d45	d__Bacteria;p__Bacillota;c__Clostridia;o__Oscillospirales;f__Ruminococcaceae;g__Caproiciproducens;s__	0.9993015111446683
827992b22906f7a8b7f7a87580b21cfa	d__Bacteria;p__Cyanobacteriota;c__Cyanobacteriia;o__Chloroplast;f__Incertae_Sedis;g__Incertae_Sedis;s__	0.9999999999911466
f1cf8a4541960204e71c1b181b1dd6ff	d__Bacteria;p__Bacillota;c__Clostridia;o__Oscillospirales;f__Oscillospiraceae;g__Oscillibacter;s__	0.9999831948938803
fe1d758f268d0c3fe3c677aed90ffd1e	d__Bacteria;p__Bacillota;c__Clostridia;o__Oscillospirales;f__Ruminococcaceae;g__Paludicola;s__	0.7013309440415332
b63a97226efc35dd5290f7298386b6f6	d__Bacteria;p__Bacillota;c__Bacilli;o__Erysipelotrichales;f__Erysipelotrichaceae;g__Dielma;s__	0.9999999800086672
fdb4b82311daa59c501bda3758482a45	d__Bacteria;p__Bacillota;c__Clostridia;o__Peptostreptococcales-Tissierellales;f__Anaerovoracaceae;g__Family_XIII_AD3011_group;s__	0.9925533080744944
45c6cb7afc1bbd2cb7ed40a987707d95	d__Bacteria;p__Bacillota;c__Clostridia;o__Oscillospirales;f__Ruminococcaceae;g__Incertae_Sedis;s__	0.7604055961051125
8b2c157a5eaacabbeb6d45b23bf9bae0	d__Bacteria;p__Bacillota;c__Clostridia;o__Lachnospirales;f__Lachnospiraceae	0.9999955054310645
1e2ef3e6be91989473d3b5f3af1a8932	d__Bacteria;p__Bacillota;c__Clostridia;o__Oscillospirales;f__Ruminococcaceae	0.9999999547767443
75a3e20e916ee5ec7dceae34a1bc0209	d__Bacteria;p__Actinomycetota;c__Actinobacteria;o__Actinomycetales;f__Actinomycetaceae;g__Actinomyces;s__	0.9999449156256112
40014d5fa23e1b8d176c846142b2af45	d__Bacteria;p__Actinomycetota;c__Coriobacteriia;o__Coriobacteriales;f__Eggerthellaceae;g__Gordonibacter;s__	0.9999277068533831
a2e2722534759f846b9b1a5dac784158	d__Bacteria;p__Bacillota;c__Clostridia;o__Eubacteriales;f__Eubacteriaceae;g__Eubacterium;s__	0.9999998399246536
3e26365d9f4b5b4ef082950579dc3696	d__Bacteria;p__Bacillota;c__Clostridia;o__Lachnospirales;f__Lachnospiraceae;g__Anaerobutyricum;s__	0.9999864278507308
ef2a1531066bf60397c9df449d532d2f	d__Bacteria;p__Bacillota;c__Clostridia;o__Oscillospirales	0.985611248665472
e34528ad14c087b5097669c01925644b	d__Bacteria;p__Bacillota;c__Clostridia;o__Lachnospirales;f__Defluviitaleaceae;g__Defluviitaleaceae_UCG-011;s__	0.9999912735049231
bd5b4d5e4b8f248260fee5af5649c3f4	d__Bacteria;p__Thermodesulfobacteriota;c__Desulfovibrionia;o__Desulfovibrionales;f__Desulfovibrionaceae;g__Cupidesulfovibrio;s__	0.9990639753234343
41ada6c544f71817e895a00a7837273d	d__Bacteria;p__Bacillota;c__Clostridia;o__Christensenellales;f__Christensenellaceae;g__Christensenella;s__	0.9999996332906381
b2506d7e0328de8e0b8e68da4f7fad5e	d__Bacteria;p__Bacillota;c__Clostridia;o__Oscillospirales;f__Oscillospiraceae;g__UCG-005;s__	0.9564449023223829
6704902f2808fa04196c73db26436aa4	d__Bacteria;p__Bacillota;c__Clostridia;o__Oscillospirales;f__UCG-010;g__Incertae_Sedis;s__	0.9999889465863673
3c47d1756ee2bde5d0607744e6dbd522	d__Bacteria;p__Bacillota;c__Clostridia;o__Oscillospirales;f__Ruminococcaceae;g__Ruthenibacterium;s__	0.9999529722540005
2630811bd6725b03b37eb80f1632844c	d__Bacteria;p__Bacillota;c__Clostridia;o__Oscillospirales;f__Oscillospiraceae;g__Oscillibacter;s__	0.9990924884438185
648e27d07987fd8a8644c5195015c644	d__Bacteria;p__Bacillota;c__Clostridia;o__Oscillospirales;f__Butyricicoccaceae;g__Agathobaculum;s__	0.9999358860014842
455219eeb206cd432bf64f51159e0b4c	d__Bacteria;p__Actinomycetota;c__Actinobacteria;o__Mycobacteriales;f__Corynebacteriaceae;g__Corynebacterium;s__	0.9999950989926152
54808801b13d9be26bbded85d4c2fa29	d__Bacteria;p__Bacillota;c__Clostridia;o__Lachnospirales;f__Lachnospiraceae	0.9997923975600713
07da22cab5c55a4badb462bcbbded642	d__Bacteria;p__Pseudomonadota;c__Alphaproteobacteria;o__Hyphomicrobiales;f__Rhizobiaceae;g__Phyllobacterium;s__	0.975528734211875
6a11737df75bc64ed5f1f2592a56b6a8	d__Bacteria;p__Bacillota;c__Clostridia;o__Lachnospirales;f__Lachnospiraceae;g__Anaerobutyricum;s__	0.961593083372417
eb6f8ae3e93bcfa0b7e5130c2723fb81	d__Bacteria;p__Pseudomonadota;c__Alphaproteobacteria;o__Rickettsiales;f__Mitochondria;g__Incertae_Sedis;s__	0.999999999999929
743f9022d702e77aa608b3c0c5244349	d__Bacteria;p__Bacillota;c__Clostridia;o__Oscillospirales;f__Ruminococcaceae	0.9380640244229206
baad52123a7d53118e4ef79adc979226	d__Bacteria;p__Bacillota;c__Clostridia;o__Lachnospirales;f__Lachnospiraceae	0.9999988367211102
32e489d3a55671bd3595792cc0c34dfd	d__Bacteria;p__Bacillota;c__Clostridia;o__Oscillospirales;f__[Eubacterium]_coprostanoligenes_group;g__Incertae_Sedis;s__	0.996374753699069
373ec976172e5a486ea50f0c080633d1	d__Bacteria;p__Bacillota;c__Clostridia;o__Oscillospirales;f__[Eubacterium]_coprostanoligenes_group;g__Incertae_Sedis;s__	0.7367997403180796
aa19ddd10e2dfb1f0f51b12078647bd6	d__Bacteria;p__Bacteroidota;c__Bacteroidia;o__Bacteroidales;f__Marinifilaceae;g__Odoribacter;s__	0.9999999999868976
d0a595d01b18ef4d949bf1de47b08daa	d__Bacteria;p__Bacillota;c__Clostridia;o__Oscillospirales;f__Oscillospiraceae;g__Colidextribacter;s__	0.9981566845791726
407af0171dd7069cc67a4318b3522e21	d__Bacteria;p__Bacillota;c__Clostridia;o__Oscillospirales;f__Ruminococcaceae;g__Incertae_Sedis;s__	0.8072266798026133
38beb9295889cd97ccde32e38be9b052	d__Bacteria;p__Bacillota;c__Clostridia;o__Lachnospirales;f__Lachnospiraceae	0.9999994155302032
0c410683e68edf42337559941e5d3018	d__Bacteria;p__Bacillota;c__Clostridia;o__Monoglobales;f__Monoglobaceae;g__Monoglobus;s__	0.9799060136327477
a0f12f82f67a0e1d595f8dfc00b3aacb	d__Bacteria;p__Pseudomonadota;c__Gammaproteobacteria;o__Burkholderiales;f__Sutterellaceae;g__Parasutterella;s__	0.9998237079091887
4109fbbe9cd1407916d6f86e0fc3038d	d__Bacteria;p__Bacillota;c__Clostridia;o__Christensenellales;f__Christensenellaceae;g__Christensenellaceae_R-7_group;s__	0.8825330589383392
3c416594e4f56f423d77e74b55e12687	d__Bacteria;p__Bacillota;c__Clostridia;o__Oscillospirales;f__[Eubacterium]_coprostanoligenes_group;g__Incertae_Sedis;s__	0.9999806502824186
8e81cb94aaadb22286389bfe57d49601	d__Bacteria;p__Bacillota;c__Clostridia;o__Lachnospirales;f__Lachnospiraceae	0.9999998273402413
59b26fd3ea38451c3adc95daa0971a12	d__Bacteria;p__Bacteroidota;c__Bacteroidia;o__Bacteroidales;f__Tannerellaceae;g__Parabacteroides;s__	0.9995906931546366
b11faaa6f8bbfbe2816cb16f31a807f0	d__Bacteria;p__Bacillota;c__Clostridia;o__Christensenellales;f__Christensenellaceae;g__Christensenellaceae_R-7_group;s__	0.9892967004811185
77a8085a9d00ce06e450b9c2dfae392e	d__Bacteria;p__Bacillota;c__Negativicutes;o__Veillonellales-Selenomonadales;f__Veillonellaceae;g__Veillonella;s__	0.9999804034532764
3e73f7c8ab0d4d3bb3178403df95cc48	d__Bacteria;p__Bacillota;c__Clostridia;o__Lachnospirales;f__Lachnospiraceae;g__Faecalicatena;s__	0.9569408208038296
8b53c1e7c9d8c5c7f2478c690c456448	d__Bacteria;p__Bacillota;c__Clostridia;o__Lachnospirales;f__Lachnospiraceae;g__Oribacterium;s__	0.9999753406051961
fe11ba26e0102bc4475392b0e59e6db6	d__Bacteria;p__Bacillota;c__Bacilli;o__Lactobacillales;f__Enterococcaceae;g__Enterococcus;s__	0.8713928795701112
cfb033a8de2c91da65131169c9e2022a	d__Bacteria;p__Bacillota;c__Clostridia	0.9986826817531695
69e98dfba3182afe0aceab617f1100a0	d__Bacteria;p__Bacillota;c__Clostridia;o__Peptococcales;f__Peptococcaceae;g__Incertae_Sedis;s__	0.9999921881935039
f84326c9790515a0835ca7ff8a8c7d54	d__Bacteria;p__Cyanobacteriota;c__Cyanobacteriia;o__Chloroplast;f__Incertae_Sedis;g__Incertae_Sedis;s__	0.9999999999944293
992619acc671c788a2c9ae0cc6d94e45	d__Bacteria;p__Bacillota;c__Clostridia;o__Oscillospirales;f__Oscillospiraceae;g__UCG-007;s__	0.9145755425576664
1667f77eb051f046fff9ce118fdbc75a	d__Bacteria;p__Bacillota;c__Clostridia;o__Clostridia_vadinBB60_group;f__Incertae_Sedis;g__Incertae_Sedis;s__	0.9999390679484869
859576da50cf3142bbd269f87b2545c1	d__Bacteria;p__Bacillota;c__Clostridia;o__Lachnospirales;f__Lachnospiraceae;g__Robinsoniella;s__	0.9983038564778058
b5c5a71372eea1709c1bff19a2f24272	d__Bacteria;p__Bacillota;c__Clostridia;o__Lachnospirales;f__Lachnospiraceae;g__Anaerotignum;s__	0.9995935713574802
8819c767d8838e90d2dd30cfdde35733	d__Bacteria;p__Bacillota;c__Clostridia;o__Oscillospirales;f__Ruminococcaceae	0.9999672649672846
9053b6b2589131e84623d65aa8a25a52	d__Bacteria;p__Bacillota;c__Clostridia;o__Peptostreptococcales-Tissierellales;f__Anaerovoracaceae;g__[Eubacterium]_brachy_group;s__	0.9990240516006382
e60885ac3c30c3634ac82d49056df82c	d__Bacteria;p__Bacillota;c__Clostridia;o__Lachnospirales;f__Lachnospiraceae;g__GCA-900066575;s__	0.7467344951502647
c5913c43e836b8fef5af80076ca24571	d__Bacteria;p__Bacillota;c__Clostridia;o__Lachnospirales;f__Lachnospiraceae	0.9947476988392996
6ba43acb03ae795b3e7e31f2be946006	d__Bacteria;p__Bacillota;c__Bacilli;o__Lactobacillales;f__Lactobacillaceae;g__Leuconostoc;s__	0.9999998881235603
8f003929e210470eb85ae81509cb2dd2	d__Bacteria;p__Bacillota;c__Clostridia;o__Oscillospirales;f__Ruminococcaceae;g__Acutalibacter;s__	0.9999296696320634
65b58670f8a0c5f0e74affdf8408eadc	d__Bacteria;p__Bacillota;c__Clostridia;o__Lachnospirales;f__Lachnospiraceae;g__Lachnospiraceae_UCG-007;s__	0.9875134137042351
cf315874f2a721ae340f6dbf4ec0c2d6	d__Bacteria;p__Bacillota;c__Clostridia;o__Lachnospirales;f__Lachnospiraceae;g__Lachnospiraceae_UCG-010;s__	0.9917382063519548
3952303f5295cde755384e60f4713a75	d__Bacteria;p__Bacteroidota;c__Bacteroidia;o__Bacteroidales;f__Bacteroidaceae;g__Bacteroides;s__	0.9999998510525612
a7db077ae09ab481473ac2445474128f	d__Bacteria;p__Bacillota;c__Clostridia;o__Oscillospirales;f__UCG-010;g__Incertae_Sedis;s__	0.9999946331551601
970061e73ce91ac85fddf205224d8322	d__Bacteria;p__Bacillota;c__Clostridia	0.9268697589716319
cce7095c7910c0f98cb5b3048dfba9f1	d__Bacteria;p__Actinomycetota;c__Actinobacteria;o__Mycobacteriales;f__Corynebacteriaceae;g__Corynebacterium;s__	0.9999905081353401
78305c465a66530d7a1402c6afe2a4ba	d__Bacteria;p__Bacteroidota;c__Bacteroidia;o__Bacteroidales;f__Bacteroidaceae;g__Bacteroides;s__	0.9999999936850941
d6116996e4c8eaa41f741891829c166a	d__Bacteria;p__Bacillota;c__Clostridia;o__Lachnospirales;f__Lachnospiraceae;g__Sellimonas;s__	0.9520257634138298
933f59f641bbf9dade29a791ca154fe3	d__Bacteria;p__Bacillota;c__Clostridia;o__Peptostreptococcales-Tissierellales;f__Anaerovoracaceae;g__Family_XIII_AD3011_group;s__	0.9615391894192046
2ae066df2a3e6e4160e85ff1dc63d947	d__Bacteria;p__Bacillota;c__Clostridia;o__Peptostreptococcales-Tissierellales;f__Anaerovoracaceae;g__Anaerovorax;s__	0.9969446122811738
6dce2527aa4bb5baaa4d18064423d986	d__Bacteria;p__Bacillota;c__Clostridia;o__Oscillospirales;f__Ruminococcaceae;g__Ruminococcus;s__	0.8006897824581625
15cfeb62055743aacb7f78e9aa86accd	d__Bacteria;p__Bacillota;c__Clostridia;o__Lachnospirales;f__Lachnospiraceae;g__Marvinbryantia;s__	0.8595043859533407
e67256f3a090fa5b7c4aec6158e50b16	d__Bacteria;p__Bacillota;c__Clostridia;o__Lachnospirales;f__Lachnospiraceae;g__Anaerobutyricum;s__	0.9968257911017289
0a6b9615944301a29e20464d2ebb5ae1	d__Bacteria;p__Bacillota;c__Clostridia;o__Lachnospirales;f__Lachnospiraceae	0.9999915025548125
cb70582becd28b1e28ef85aca11846e9	d__Bacteria;p__Bacillota;c__Clostridia;o__Clostridia_vadinBB60_group;f__Incertae_Sedis;g__Incertae_Sedis;s__	0.9994170868235885
3443b73db214fbccce540ddb43380a8d	d__Bacteria;p__Bacillota;c__Clostridia;o__Oscillospirales;f__Oscillospiraceae;g__Pseudoflavonifractor;s__	0.9957333315077954
020b30a13ee9d860caaf8a12cf134491	d__Bacteria;p__Bacillota;c__Clostridia;o__Clostridia_vadinBB60_group;f__Incertae_Sedis;g__Incertae_Sedis;s__	0.9999956508523626
107273e73071282e4d0f4a0b46548da5	d__Bacteria;p__Pseudomonadota;c__Gammaproteobacteria;o__Enterobacterales;f__Aeromonadaceae;g__Aeromonas;s__	0.7152780591833997
ccb3970cc553627e918e9217ea71b1f1	d__Bacteria;p__Bacillota;c__Clostridia;o__Peptococcales;f__Peptococcaceae	0.9948255689145877
6ab475426af806ca2528a3b20d77cde8	d__Bacteria;p__Actinomycetota;c__Coriobacteriia;o__Coriobacteriales;f__Coriobacteriales_Incertae_Sedis;g__Incertae_Sedis;s__	0.9999993838699959
3dc8691f4274fac77b91e66df1bd9aad	d__Bacteria;p__Bacillota;c__Clostridia;o__Oscillospirales;f__Oscillospiraceae;g__UCG-003;s__	0.9993670908355433
40a95a2eb530d4b299163b5cf33f5727	d__Bacteria;p__Pseudomonadota;c__Gammaproteobacteria;o__Burkholderiales;f__Sutterellaceae;g__Parasutterella;s__	0.9999910241519341
a88a94896bdfa37dead3fd4a16a5c7b5	d__Bacteria;p__Bacillota;c__Clostridia;o__Christensenellales;f__Christensenellaceae;g__Christensenella;s__	0.9999970980530051
0a3cf58d4ca062c13d42c9db4ebcbc53	d__Bacteria;p__Cyanobacteriota;c__Cyanobacteriia;o__Chloroplast;f__Incertae_Sedis;g__Incertae_Sedis;s__	0.9999999999486846
d3f800d834b641973eaa2520160d4f66	d__Bacteria;p__Bacillota;c__Clostridia;o__Oscillospirales;f__Oscillospiraceae	0.9831736227503891
13fb9cc53669d0234f544a7b44d8ee0d	d__Bacteria;p__Bacteroidota;c__Bacteroidia;o__Bacteroidales;f__Rikenellaceae;g__Alistipes;s__	0.9802637470482689
25ea94261aecc494c30b157128bc44f8	d__Bacteria;p__Pseudomonadota;c__Gammaproteobacteria;o__Burkholderiales;f__Neisseriaceae;g__Eikenella;s__	0.723970536795069
04edaa963304c466674c30f9f9bb087e	d__Bacteria;p__Bacillota;c__Clostridia;o__Peptostreptococcales-Tissierellales;f__Peptostreptococcaceae;g__Paeniclostridium;s__	0.9981524323791099
0e4a2466836707da063774d048427d00	d__Bacteria;p__Bacillota;c__Clostridia;o__Lachnospirales;f__Lachnospiraceae;g__Lachnospiraceae_FCS020_group;s__	0.7342861823038656
bf58b1cbf142585d408a22902f4af556	d__Bacteria;p__Bacillota;c__Clostridia;o__Lachnospirales;f__Lachnospiraceae	0.9999811211798832
19b601ba28ba500dd5294c03d5c6705e	d__Bacteria;p__Bacillota;c__Clostridia;o__Oscillospirales;f__Oscillospiraceae;g__NK4A214_group;s__	0.9755246707944821
bdb3adb7e52fe9c4a4db810a7021327a	d__Bacteria;p__Bacillota;c__Clostridia;o__Peptostreptococcales-Tissierellales;f__Peptostreptococcaceae;g__Incertae_Sedis;s__	0.9981456835057702
cc59ec4214e5eb4bf15b6eb7cfd96c7d	d__Bacteria;p__Bacillota;c__Clostridia;o__Lachnospirales;f__Lachnospiraceae	0.9998683267249584
004c377688e79fb733f5ed72e322a56c	d__Bacteria;p__Bacillota;c__Clostridia;o__Lachnospirales;f__Lachnospiraceae	0.9985312484917777
04ca162b3dd2dc7f483ab3503bc605c3	d__Bacteria;p__Bacillota;c__Bacilli;o__Erysipelotrichales;f__Erysipelotrichaceae;g__[Clostridium]_innocuum_group;s__	0.999960831245843
6b2ddef408d50cd0e2dcf59cb7c65dac	d__Bacteria;p__Pseudomonadota;c__Alphaproteobacteria;o__Rhodospirillales;f__Incertae_Sedis;g__Incertae_Sedis;s__	0.9999999898188463
6a4f354262a6fbad12de693585b4e7f1	d__Bacteria;p__Bacillota;c__Clostridia;o__Oscillospirales;f__Ruminococcaceae	0.9999998963862489
1c6f08b1cce4b4cf896a955ae9a58959	d__Bacteria;p__Bacillota;c__Clostridia;o__Peptococcales;f__Peptococcaceae;g__Incertae_Sedis;s__	0.9999861026239141
543818d6869d7b4271bd4cf11ba898cb	d__Bacteria;p__Bacillota;c__Clostridia;o__Lachnospirales;f__Lachnospiraceae;g__Enterocloster;s__	0.9958732695189147
b484195da5a669012008758c2f88fb90	d__Bacteria;p__Bacillota;c__Negativicutes;o__Veillonellales-Selenomonadales;f__Veillonellaceae;g__Dialister;s__	0.9983791821219679
450c05e76911edd6fa46edb921aa4522	d__Bacteria;p__Bacillota;c__Clostridia;o__Oscillospirales;f__Ruminococcaceae;g__Acutalibacter;s__	0.8168196443743875
69a6b865cfbd7f6fddf9d080e431ed67	d__Bacteria;p__Bacteroidota;c__Bacteroidia;o__Bacteroidales;f__Tannerellaceae;g__Parabacteroides;s__	0.9867559690983739
21d681c053e463a9db7171f44e7a4a39	d__Bacteria;p__Cyanobacteriota;c__Cyanobacteriia;o__Chloroplast;f__Incertae_Sedis;g__Incertae_Sedis;s__	0.9999999999224087
369bbf86b13d5924c095aad30bba9af1	d__Bacteria;p__Bacillota;c__Clostridia;o__Lachnospirales;f__Lachnospiraceae	0.9999665272180693
db362c4e2c593fe3cbd10f51d67d4e59	d__Bacteria;p__Bacillota;c__Clostridia;o__Lachnospirales;f__Lachnospiraceae	0.9999991219737465
69d0d1ca4390b3722c2d5458848919ea	d__Bacteria;p__Actinomycetota;c__Actinobacteria;o__Actinomycetales;f__Actinomycetaceae;g__Schaalia;s__	0.9988280499652561
25370b4aeb2bd190e8ca1184a4251be0	d__Bacteria;p__Bacteroidota;c__Bacteroidia;o__Bacteroidales;f__Marinifilaceae;g__Odoribacter;s__	0.9999999999972857
7d21ec1715383451a92798df826f12a5	d__Bacteria;p__Bacillota;c__Clostridia;o__Oscillospirales;f__Ruminococcaceae;g__Faecalibacterium;s__	0.9998867857032525
83e5aff47f07cf1b1d6bda80be722faf	d__Bacteria;p__Bacillota;c__Clostridia;o__Oscillospirales;f__Ruminococcaceae;g__DTU089;s__	0.9999984070955928
10e51791c8dee561db8251780cf9ef0d	d__Bacteria;p__Cyanobacteriota;c__Vampirivibrionia;o__Gastranaerophilales;f__Gastranaerophilaceae;g__Zag_111;s__	0.9958943496211755
3b8eded367637deae84d93d3bb127c82	d__Bacteria;p__Bacteroidota;c__Bacteroidia;o__Bacteroidales;f__Rikenellaceae;g__Alistipes;s__	0.9997737906156345
167eafbbf6708404c463a4c22917e4b4	d__Bacteria;p__Bacillota;c__Bacilli;o__Lactobacillales;f__Streptococcaceae;g__Streptococcus;s__	0.9981998188854465
536346d141dde574c25958654ff08f15	d__Bacteria;p__Bacteroidota;c__Bacteroidia;o__Bacteroidales;f__Tannerellaceae;g__Parabacteroides;s__	0.9998217110882214
bc56a84455291b52ead1f38fbb6c97e2	d__Bacteria;p__Bacteroidota;c__Bacteroidia;o__Bacteroidales;f__Bacteroidaceae;g__Bacteroides;s__	0.9999999948977916
8d86624a178f311b79310964d6170b1b	d__Bacteria;p__Bacillota;c__Clostridia;o__Oscillospirales;f__Ruminococcaceae;g__Acutalibacter;s__	0.9922460571885157
9d2b385c3ad2c3abfa96058922b00164	d__Bacteria;p__Bacillota;c__Clostridia;o__Lachnospirales;f__Lachnospiraceae	0.9998709634481413
052ed87a5bce8789c20b59effda065d6	d__Bacteria;p__Bacillota;c__Clostridia;o__Peptostreptococcales-Tissierellales;f__Family_XI;g__Fenollaria;s__	0.9999999999997584
8affc3372dd79282c7f4f49b2bc24d60	d__Bacteria;p__Bacillota;c__Clostridia;o__Lachnospirales;f__Lachnospiraceae	0.9999930006420734
5728dcbfa5bb43600af40abe0ccb90a3	d__Bacteria;p__Bacillota;c__Clostridia;o__Lachnospirales;f__Lachnospiraceae;g__Lachnospiraceae_ND3007_group;s__	0.9999956761528892
fc03bb00a2109a17af8c5434e78bd315	d__Bacteria;p__Bacillota;c__Clostridia;o__Lachnospirales;f__Lachnospiraceae;g__Faecalicatena;s__	0.9993647914981579
24947e5e5adf4be2938c6fc541f18eba	d__Bacteria;p__Bacillota;c__Clostridia;o__Lachnospirales;f__Lachnospiraceae;g__Cellulosilyticum;s__	0.9999999988128536
59272f84a79a06552179e8eb53606754	d__Bacteria;p__Bacillota;c__Clostridia;o__Oscillospirales;f__Ruminococcaceae;g__Ruminococcus;s__	0.7869701928379619
e5e664374a6d1c04c32149cdd41c6059	d__Bacteria;p__Bacillota;c__Clostridia;o__Lachnospirales;f__Lachnospiraceae;g__Fusicatenibacter;s__	0.9997174416004969
092d370c016a86bbee977073d88ac43e	d__Bacteria;p__Bacillota;c__Clostridia;o__Lachnospirales;f__Lachnospiraceae	0.9999750842659032
143370e10dab7fdbcbdeda0f8b19658a	d__Bacteria;p__Bacillota;c__Clostridia;o__Christensenellales;f__Christensenellaceae;g__Christensenellaceae_R-7_group;s__	0.9797621841869503
7d135dfbf857c62673695ef24332b100	d__Bacteria;p__Actinomycetota;c__Actinobacteria;o__Micrococcales;f__Micrococcaceae;g__Rothia;s__	0.9999977803895823
fec2da4ccc40b9ad85a020553063366b	d__Bacteria;p__Pseudomonadota;c__Gammaproteobacteria;o__Burkholderiales;f__Oxalobacteraceae;g__Oxalobacter;s__	0.7786364293426612
616e1133ad39f78d5fa921c094db3cbb	d__Bacteria;p__Bacillota;c__Clostridia;o__Peptostreptococcales-Tissierellales;f__Family_XI;g__Parvimonas;s__	0.9999996066486211
4f71b0e72263018eb34fd14bae8bdd29	d__Bacteria;p__Bacillota;c__Clostridia;o__Peptostreptococcales-Tissierellales;f__Peptostreptococcaceae;g__Incertae_Sedis;s__	0.7340873570561267
e93b313352019b8113e7fc66bf757917	d__Bacteria;p__Bacillota;c__Clostridia;o__Peptostreptococcales-Tissierellales;f__Family_XI;g__Parvimonas;s__	0.9999999638813797
ef35e5728f686df8e67e70e62fb3189b	d__Bacteria;p__Bacillota;c__Clostridia;o__Oscillospirales;f__[Eubacterium]_coprostanoligenes_group;g__Incertae_Sedis;s__	0.9995225756814593
d969ff7a11c25dc9b04c6eb48a6ec8c3	d__Bacteria;p__Bacillota;c__Clostridia;o__Oscillospirales;f__[Eubacterium]_coprostanoligenes_group;g__Incertae_Sedis;s__	0.999952589323825
ad71b192343facecd54843bccb0470da	d__Bacteria;p__Actinomycetota;c__Coriobacteriia;o__Coriobacteriales;f__Eggerthellaceae;g__Adlercreutzia;s__	0.7888957331083642
2dd3eb3b59afa6cf6915a601b46397cd	d__Bacteria;p__Bacillota;c__Clostridia;o__Lachnospirales;f__Lachnospiraceae;g__[Eubacterium]_eligens_group;s__	0.9998740296048044
c6f0c88f94254b23629260348ab5fe10	d__Bacteria;p__Bacillota;c__Clostridia;o__Peptostreptococcales-Tissierellales;f__Family_XI;g__Peptoniphilus;s__	0.9999943144386145
4f0c4427ac033405cae2b1941ad35fc6	d__Bacteria;p__Bacillota;c__Clostridia;o__Lachnospirales;f__Lachnospiraceae;g__Lachnospiraceae_UCG-004;s__	0.9897573683732641
0b58da331c7b4741e0a2928420d07366	d__Bacteria;p__Bacillota;c__Clostridia;o__Oscillospirales;f__Ruminococcaceae;g__Faecalibacterium;s__	0.9722160784043407
c6566e1e3cdb74ddbd16295aab91c741	d__Bacteria;p__Bacteroidota;c__Bacteroidia;o__Bacteroidales;f__Bacteroidaceae;g__Bacteroides;s__	0.7846488725893643
8978ea1fa39da2830b33df63c8da2e68	d__Bacteria;p__Bacillota;c__Clostridia;o__Oscillospirales;f__Ruminococcaceae;g__Acutalibacter;s__	0.9996514938284182
978681f2fea1533cbb4c3e030c2f9ebe	d__Bacteria;p__Bacillota;c__Bacilli;o__Lactobacillales;f__Lactobacillaceae;g__Lacticaseibacillus;s__	0.9918603915726336
d246e85193a5bb46a56b009519c6a71f	d__Bacteria;p__Pseudomonadota;c__Gammaproteobacteria;o__Enterobacterales;f__Enterobacteriaceae	0.9187444758549637
7a7954e6aafb54d43cdf06bf2b628864	d__Bacteria;p__Bacillota;c__Clostridia;o__Lachnospirales;f__Lachnospiraceae;g__[Ruminococcus]_gauvreauii_group;s__	0.9472820888428891
e31ef2179f7955e1beb40fc215710a82	d__Bacteria;p__Bacteroidota;c__Bacteroidia;o__Bacteroidales;f__Tannerellaceae	0.9999720148887783
4e6e73509aab3faed7f50035d9cbd7e9	d__Bacteria;p__Bacillota;c__Clostridia;o__Lachnospirales;f__Lachnospiraceae	0.9999792149100104
faffaaec504643eb834d2d101a0a8a7f	d__Bacteria;p__Pseudomonadota;c__Gammaproteobacteria;o__Enterobacterales;f__Enterobacteriaceae	0.8871745102195341
906b87f185d44beb609313065cbd0dfc	d__Bacteria;p__Bacillota;c__Clostridia;o__Oscillospirales;f__Oscillospiraceae;g__Colidextribacter;s__	0.782557504651784
fb9f9961a2094f733efa9b47feaf8400	d__Bacteria;p__Bacillota;c__Clostridia;o__Lachnospirales;f__Lachnospiraceae;g__Lachnoclostridium;s__	0.9610459742951567
c722cf9eebc3a996971b3f77d2e85e0e	d__Bacteria;p__Bacillota;c__Clostridia;o__Lachnospirales;f__Lachnospiraceae	0.9962642296173927
a9b3e9e5f7194b9714a83aef047b27a6	d__Bacteria;p__Bacillota;c__Clostridia;o__Clostridiales;f__Clostridiaceae;g__Clostridium;s__	0.9786565137124773
3d8ceb5e8c0e7b282f3dadd79d5099ba	d__Bacteria;p__Bacillota;c__Clostridia;o__Lachnospirales;f__Lachnospiraceae;g__Lachnospiraceae_UCG-010;s__	0.9522212412936804
a56261842cc34cad0165eccba17e830b	d__Bacteria;p__Bacillota;c__Clostridia;o__Oscillospirales;f__Ruminococcaceae	0.9869652476929254
dcf9ce3cff8a6a91b6a8974adc94968e	d__Bacteria;p__Bacteroidota;c__Bacteroidia;o__Bacteroidales;f__Porphyromonadaceae;g__Porphyromonas;s__	0.9999992428460895
d639e9434c8f50838a4a89f78f19998f	d__Bacteria;p__Bacteroidota;c__Bacteroidia;o__Bacteroidales;f__Porphyromonadaceae;g__Porphyromonas;s__	0.9999999588502257
ee5b57a629da222ad236b5d4bc329d71	d__Bacteria;p__Bacillota;c__Bacilli;o__Erysipelotrichales;f__Erysipelotrichaceae;g__Merdibacter;s__	0.9999999511627363
bf4ae59088f39434a9c248bc08fd6031	d__Bacteria;p__Bacillota;c__Clostridia;o__Oscillospirales;f__Ruminococcaceae;g__Paludicola;s__	0.9828793400126052
386950e69673217ec40ddc972ac589dd	d__Bacteria;p__Bacteroidota;c__Bacteroidia;o__Bacteroidales;f__Bacteroidaceae;g__Bacteroides;s__	0.9966741573043942
9e18b43f389956ba5ac3ddf810f39cb6	d__Bacteria;p__Bacillota;c__Clostridia;o__Clostridia_vadinBB60_group;f__Incertae_Sedis;g__Incertae_Sedis;s__	0.9999997783713998
32ad562a28f35ac8c6b32b392b1f6874	d__Bacteria;p__Bacillota;c__Clostridia;o__Peptostreptococcales-Tissierellales;f__Anaerovoracaceae;g__Family_XIII_AD3011_group;s__	0.9520592258437943
5818dd43d26f5f98d9c28e2ef630124a	d__Bacteria;p__Bacillota;c__Clostridia;o__Lachnospirales;f__Lachnospiraceae;g__Lachnospiraceae_UCG-008;s__	0.8630941336443025
14d96ddcc43325b5efdf42e02c1d4c2f	d__Bacteria;p__Bacillota;c__Clostridia;o__Oscillospirales;f__Butyricicoccaceae;g__Agathobaculum;s__	0.9999902416032072
2ddd42722497082a323c3317657ae6c0	d__Bacteria;p__Bacillota;c__Clostridia;o__Peptostreptococcales-Tissierellales;f__Family_XI;g__Anaerococcus;s__	1.0
99e433a3ce4d5290445f668df2c9147e	d__Bacteria;p__Pseudomonadota;c__Gammaproteobacteria;o__Pseudomonadales;f__Pseudomonadaceae;g__Pseudomonas;s__	0.9999218651696481
cbd2ea8dfb34b160d6d9218d7425d53a	d__Bacteria;p__Bacillota;c__Clostridia;o__Lachnospirales;f__Lachnospiraceae	0.9986598787052864
36807d15dfef01f35313acbdaa0bed65	d__Bacteria;p__Bacillota;c__Clostridia;o__Oscillospirales;f__Ruminococcaceae;g__Acutalibacter;s__	0.9997724035855747
7e836659911d76d2347406585137e697	d__Bacteria;p__Bacillota;c__Bacilli;o__Lactobacillales;f__Lactobacillaceae;g__Lactobacillus;s__	0.9998491576950335
94d77a8f8446f7bce0e5e64576299a4e	d__Bacteria;p__Bacillota;c__Negativicutes;o__Veillonellales-Selenomonadales;f__Veillonellaceae;g__Veillonella;s__	0.9999893716794546
1769d10a9bc25d8569d61dbe0931d87b	d__Bacteria;p__Bacillota;c__Bacilli;o__Lactobacillales;f__Streptococcaceae;g__Streptococcus;s__	0.9999848588972384
dca5d985fffe8b7bb28f7f1585356ecf	d__Bacteria;p__Thermodesulfobacteriota;c__Desulfovibrionia;o__Desulfovibrionales;f__Desulfovibrionaceae;g__Desulfovibrio;s__	0.999991002453163
3d352dcf9392611dc4333d56b2f3f023	d__Bacteria;p__Bacillota;c__Clostridia;o__Lachnospirales;f__Lachnospiraceae;g__Lachnospiraceae_FCS020_group;s__	0.9678519282276623
adbaa961dd24f20b209f38ff2af3e455	d__Bacteria;p__Bacillota;c__Clostridia;o__Oscillospirales;f__Ruminococcaceae;g__Ruminococcus;s__	0.7265034392413984
c3db138990506ecbc00eba3574b7e83a	d__Bacteria;p__Bacillota;c__Clostridia;o__Lachnospirales;f__Lachnospiraceae;g__Sellimonas;s__	0.9759202828876272
52ca86ec48d4b050235dcfdea9cd5d39	d__Bacteria;p__Bacillota;c__Clostridia;o__Oscillospirales;f__UCG-010;g__Incertae_Sedis;s__	0.9999999157312693
4c0d062463c6e388334b79c702a91d9e	d__Bacteria;p__Bacillota;c__Clostridia;o__Clostridia_UCG-014;f__Incertae_Sedis;g__Incertae_Sedis;s__	0.9999999991693755
51ea85f428a5daaaf348c94671af386e	d__Bacteria;p__Bacillota;c__Bacilli;o__Erysipelotrichales;f__Erysipelatoclostridiaceae;g__Massiliomicrobiota;s__	0.9984857411708263
46c08d7bea2a1ae3c239a525f5562632	d__Bacteria;p__Fusobacteriota;c__Fusobacteriia;o__Fusobacteriales;f__Fusobacteriaceae;g__Fusobacterium;s__	0.9999999999975984
40e9020213a6a4911d569b3edccb856f	d__Bacteria;p__Bacillota;c__Clostridia;o__Oscillospirales;f__Ruminococcaceae;g__Incertae_Sedis;s__	0.8241727864513329
c53a4ac200286d4aaaa1936ae3112bdb	d__Bacteria;p__Bacillota;c__Negativicutes;o__Veillonellales-Selenomonadales	0.9999227438288466
749e17047d103a4dc6f05def150b9ce3	d__Bacteria;p__Bacillota;c__Clostridia;o__Oscillospirales;f__Ruminococcaceae;g__Acutalibacter;s__	0.9999800783010493
4a438fc6b9863ab84156d4f0b585c59e	d__Bacteria;p__Bacillota;c__Clostridia;o__Oscillospirales;f__Ruminococcaceae;g__Ruthenibacterium;s__	0.7151473262018124
ca41c69006ec1f03d2b0e84e2581159d	d__Bacteria;p__Bacillota;c__Clostridia;o__Lachnospirales;f__Lachnospiraceae;g__Anaerobutyricum;s__	0.9054749155759871
7cbf213e2986e3a047f9273e7b4eb071	d__Bacteria;p__Bacillota;c__Clostridia;o__Lachnospirales;f__Lachnospiraceae;g__Extibacter;s__	0.9224975457278327
5648dccee530d68ceb3e4d7d22cf8756	d__Bacteria;p__Pseudomonadota;c__Gammaproteobacteria;o__Pseudomonadales;f__Pseudomonadaceae;g__Pseudomonas;s__	0.9999275765367841
76ec16cef4c7230bd9bcad23c56fba9f	d__Bacteria;p__Bacillota;c__Clostridia;o__Oscillospirales;f__Ruminococcaceae	0.9938625660590299
1c719e69d668107c05bdba29829217c5	d__Bacteria;p__Thermodesulfobacteriota;c__Desulfovibrionia;o__Desulfovibrionales;f__Desulfovibrionaceae;g__Incertae_Sedis;s__	0.9964793400638249
1845c1f5d5cd62f1a261db845de69ce7	d__Bacteria;p__Bacillota;c__Clostridia;o__Lachnospirales;f__Lachnospiraceae;g__Lachnoclostridium;s__	0.8988390384854068
c34966a4f96946fcc3ea91ed6ad5b4d2	d__Bacteria;p__Bacillota;c__Clostridia;o__Oscillospirales;f__Ruminococcaceae;g__Acutalibacter;s__	0.7806571851996473
082d239abe090214ace96faad213ae39	d__Bacteria;p__Bacteroidota;c__Bacteroidia;o__Bacteroidales;f__Rikenellaceae;g__Alistipes;s__	0.9999999999991331
fa72697a5b0acac776060869b70efbe7	d__Bacteria;p__Bacillota;c__Bacilli;o__Lactobacillales;f__Lactobacillaceae;g__Pediococcus;s__	0.7158098848017241
cbb5e5b58a5874db71638f9d8831b2fc	d__Bacteria;p__Cyanobacteriota;c__Cyanobacteriia;o__Chloroplast;f__Incertae_Sedis;g__Incertae_Sedis;s__	0.9999999999519247
2306d517cddb8ee0c863fddc5cc4fe99	d__Bacteria;p__Pseudomonadota;c__Gammaproteobacteria;o__Burkholderiales;f__Sutterellaceae;g__Sutterella;s__	0.9999997816750533
452d18b2725260f5f93490c7f6517f87	d__Bacteria;p__Bacteroidota;c__Bacteroidia;o__Bacteroidales;f__Barnesiellaceae;g__Barnesiella;s__	0.9999999951371734
d58c41bdd1f1f0386d3da8cdd164ad79	d__Bacteria;p__Bacillota;c__Clostridia;o__Lachnospirales;f__Defluviitaleaceae;g__Defluviitaleaceae_UCG-011;s__	0.9998834552068204
848e19e844396cd9109389bb3c6e2667	d__Bacteria;p__Bacillota;c__Negativicutes;o__Veillonellales-Selenomonadales	0.9999997613634526
ff84f6f5d9f9936a559c72d44126fadb	d__Bacteria;p__Bacillota;c__Clostridia;o__Oscillospirales;f__Ruminococcaceae;g__Faecalibacterium;s__	0.9999828274488162
d8ff4c5e15cb162f9a378b2ca1e7d1a2	d__Bacteria;p__Bacillota;c__Clostridia;o__Oscillospirales;f__Ruminococcaceae;g__Harryflintia;s__	0.9123580910515002
cdd1b6d84e7749d6eeb09bec68c26559	d__Bacteria;p__Bacteroidota;c__Bacteroidia;o__Bacteroidales;f__Rikenellaceae;g__Alistipes;s__	0.9999533845641931
32ce4834f055036d4cac616ddb14f71b	d__Bacteria;p__Bacteroidota;c__Bacteroidia;o__Bacteroidales;f__Marinifilaceae;g__Odoribacter;s__	0.9999999976622007
939f5b18d5f69728d47476dd67674e2b	d__Bacteria;p__Bacillota;c__Clostridia;o__Oscillospirales;f__Ruminococcaceae;g__Candidatus_Soleaferrea;s__	0.9946753656277078
1f0441694da7ff4ed8f11a2bce585267	d__Bacteria;p__Bacillota;c__Clostridia;o__Oscillospirales;f__Ethanoligenenaceae;g__Acetanaerobacterium;s__	0.9998122872275372
d23dcbe0b3e253d3d5f462f07b5bea0b	d__Bacteria;p__Bacillota;c__Clostridia;o__Lachnospirales;f__Lachnospiraceae;g__Stomatobaculum;s__	0.9999998350708943
9acfc63822a89a6b8fd3b4dc7f7138ed	d__Bacteria;p__Bacillota;c__Clostridia	0.9988095701954369
72d567904430ca842fecff660cb9ca40	d__Bacteria;p__Bacillota;c__Clostridia;o__Peptostreptococcales-Tissierellales;f__Anaerovoracaceae;g__Family_XIII_UCG-001;s__	0.8693945196725633
8d6a36f5df79821e2d79b954de8ddf99	d__Bacteria;p__Bacillota;c__Bacilli;o__Erysipelotrichales;f__Erysipelotrichaceae	0.999999999553119
bfe8dcacee0f4d0064c13dcbed55e3c5	d__Bacteria;p__Bacillota;c__Clostridia;o__Lachnospirales;f__Lachnospiraceae;g__Tyzzerella;s__	0.9999033731237285
78e485ed362e52c2dd1ea76bad6f001c	d__Bacteria;p__Bacillota;c__Negativicutes;o__Veillonellales-Selenomonadales;f__Veillonellaceae;g__Dialister;s__	0.9934139836737109
c89c040f9adb79c0725e212558513771	d__Bacteria;p__Bacillota;c__Clostridia;o__Peptostreptococcales-Tissierellales;f__Peptostreptococcaceae;g__Incertae_Sedis;s__	0.7771542715297285
f1860fe716257bd5fd5c4c6a16cf3b95	d__Bacteria;p__Pseudomonadota;c__Gammaproteobacteria;o__Burkholderiales;f__Neisseriaceae;g__Neisseria;s__	0.9995209831834649
3895f8b1ae62e5df0ce3aead54826ef5	d__Bacteria;p__Thermodesulfobacteriota;c__Desulfovibrionia;o__Desulfovibrionales;f__Desulfovibrionaceae;g__Bilophila;s__	0.9999958964786013
b0380f7cfd5355bb4fd0b2741a8ae0c6	d__Bacteria;p__Bacillota;c__Clostridia;o__Oscillospirales;f__UCG-010;g__Incertae_Sedis;s__	0.9999998718353649
c119a6aa9448fd5b7b15531db7efd10c	d__Bacteria;p__Bacillota;c__Clostridia;o__Lachnospirales;f__Lachnospiraceae	0.9299839349106989
d62bdf0094770da441d556e07c304397	d__Bacteria;p__Bacillota;c__Clostridia;o__Lachnospirales;f__Lachnospiraceae	0.9999948238286969
5010c633b31e536d3a8ae9862228a52b	d__Bacteria;p__Bacillota;c__Bacilli;o__Lactobacillales;f__Enterococcaceae	0.8918512290764697
e67df6c894b9557e3260207fdc5f3b06	d__Bacteria;p__Synergistota;c__Synergistia;o__Synergistales;f__Synergistaceae;g__Cloacibacillus;s__	0.9999999315607676
74d5a0ff500fe39ebfd9f7ce828c0015	d__Bacteria;p__Bacillota;c__Clostridia;o__Lachnospirales;f__Lachnospiraceae;g__Lachnospiraceae_UCG-004;s__	0.9800387614851612
8040083ef560188d094279f604df1949	d__Bacteria;p__Bacteroidota;c__Bacteroidia;o__Bacteroidales;f__Bacteroidaceae;g__Bacteroides;s__	0.9931130925978767
faf55b766111289825d54da14325597e	d__Bacteria;p__Bacillota;c__Clostridia;o__Christensenellales;f__Christensenellaceae;g__Christensenellaceae_R-7_group;s__	0.9716496298024756
81bd97f1008872d045eb6406728f2ab5	d__Bacteria;p__Bacteroidota;c__Bacteroidia;o__Bacteroidales;f__Bacteroidaceae;g__Bacteroides;s__	0.9999999796773837
097dcdc3c91b5b334c58a38beddfe215	d__Bacteria;p__Pseudomonadota;c__Alphaproteobacteria;o__Rickettsiales;f__Mitochondria;g__Incertae_Sedis;s__	1.0
3564b4361cd0aa26baec5385da29bf78	d__Bacteria;p__Bacteroidota;c__Bacteroidia;o__Bacteroidales;f__Bacteroidaceae;g__Bacteroides;s__	0.9998586565274767
830ae596ccef1fa380794a4a9885bb88	d__Bacteria;p__Actinomycetota;c__Actinobacteria;o__Actinomycetales;f__Actinomycetaceae;g__Actinomyces;s__	0.9998511693775736
3cdefb6ded01adac83152bde0bcbecc7	d__Bacteria;p__Bacillota;c__Clostridia;o__Oscillospirales;f__Ruminococcaceae;g__Incertae_Sedis;s__	0.885510976760851
eda5bb821b4a77ec49191b84dc8c159b	d__Bacteria;p__Bacillota;c__Clostridia;o__Oscillospirales;f__[Eubacterium]_coprostanoligenes_group;g__Incertae_Sedis;s__	0.9961798068500014
5fd6a933f860a923643e30077f99b3fb	d__Bacteria;p__Bacillota;c__Bacilli;o__Lactobacillales	0.9999799975635241
7663d959f37ac7edff3c84e7c30c9ee2	d__Bacteria;p__Bacillota;c__Clostridia;o__Peptostreptococcales-Tissierellales;f__Anaerovoracaceae	0.999999626558832
84550cce045fd4f2ad79ff760621f374	d__Bacteria;p__Bacillota;c__Clostridia;o__Lachnospirales;f__Lachnospiraceae;g__Lachnospiraceae_UCG-010;s__	0.9633727315625036
f99f9e021a21a5dd969619f9326270a9	d__Bacteria;p__Bacillota;c__Clostridia;o__Lachnospirales;f__Lachnospiraceae;g__Anaerotignum;s__	0.9598420199415741
49d92058bde739041c42c8aacd3ba126	d__Bacteria;p__Pseudomonadota;c__Alphaproteobacteria;o__Rickettsiales;f__Mitochondria;g__Incertae_Sedis;s__	0.9999993637284524
b41ac3eca6205cfe1f2487dc07d91179	d__Bacteria;p__Bacillota;c__Clostridia;o__Lachnospirales;f__Lachnospiraceae	0.9990101379472287
48879975ef72f243b4016dddfe681344	d__Bacteria;p__Bacillota;c__Negativicutes;o__Veillonellales-Selenomonadales;f__Veillonellaceae;g__Dialister;s__	0.994860660834275
b904bbdb2f1a9d20e9b34103649b76f3	d__Bacteria;p__Bacillota;c__Clostridia;o__Lachnospirales;f__Lachnospiraceae;g__Enterocloster;s__	0.9899554820180149
959109fb096d33aae9bb0afce6a4d706	d__Bacteria;p__Bacillota;c__Clostridia;o__Lachnospirales;f__Lachnospiraceae	0.9999787369600952
71e7cf7513788d419d8d715c41bf9ccf	d__Bacteria;p__Bacillota;c__Clostridia;o__Lachnospirales;f__Lachnospiraceae;g__Lachnospiraceae_FCS020_group;s__	0.7875398340034707
0718c27ab7304227dd334f8dee50d42b	d__Bacteria;p__Bacillota;c__Clostridia;o__Oscillospirales;f__[Eubacterium]_coprostanoligenes_group;g__Incertae_Sedis;s__	0.9998134612269184
315b39005a68f3669fca4a0adb7bf8c9	d__Bacteria;p__Bacillota;c__Clostridia;o__Oscillospirales;f__Ruminococcaceae;g__Incertae_Sedis;s__	0.9931562870774276
f85a7d2d7e12e8fe0526744381e1037f	d__Bacteria;p__Bacillota;c__Clostridia;o__Lachnospirales;f__Lachnospiraceae	0.9999994624399983
5ea20db67a7256a71ba556c8c664ec71	d__Bacteria;p__Bacillota;c__Clostridia;o__Lachnospirales;f__Lachnospiraceae	0.9999772908614912
546e3e3d766f581ea28a84e1561f41c6	d__Bacteria;p__Bacillota;c__Clostridia;o__Lachnospirales;f__Lachnospiraceae	0.9999701255187112
f0d8f8d1ddffacb22c10bbdc297165c1	d__Bacteria;p__Bacillota;c__Clostridia;o__Oscillospirales;f__Ruminococcaceae;g__Phocea;s__	0.9999987130987515
ab6b20cd4f05ebe2e8e9ae47b7714744	d__Bacteria;p__Bacillota;c__Bacilli;o__Lactobacillales;f__Streptococcaceae;g__Streptococcus;s__	0.9999607518759314
29dc0a04b6e61194c341bea5d053ad0b	d__Bacteria;p__Bacillota;c__Clostridia;o__Lachnospirales;f__Lachnospiraceae;g__Enterocloster;s__	0.9952138925807088
ef51a7515485f098b6a437c6047ce14a	d__Bacteria;p__Bacillota;c__Bacilli;o__Erysipelotrichales;f__Erysipelotrichaceae;g__Turicibacter;s__	0.9983834797387775
8e493df449e84acb4e24f5811ff3599b	d__Bacteria;p__Bacillota;c__Bacilli;o__Erysipelotrichales;f__Erysipelotrichaceae;g__Solobacterium;s__	0.9938674399833487
93277c01084c713919dbe49425e9024b	d__Bacteria;p__Bacillota;c__Clostridia;o__Oscillospirales;f__Ruminococcaceae	0.974873652977946
3fb52660f6d2845af7a716a6b5ed03cf	d__Bacteria;p__Bacillota;c__Bacilli;o__Erysipelotrichales;f__Erysipelotrichaceae;g__Holdemania;s__	0.9999989877735949
22e8325d799e446d302637a299ca1832	d__Bacteria;p__Bacillota;c__Bacilli;o__Erysipelotrichales;f__Erysipelotrichaceae;g__Holdemania;s__	0.9998889970595102
592460b21ce2ce1872e098ed3a111b07	d__Bacteria;p__Bacillota;c__Clostridia;o__Oscillospirales;f__Ruminococcaceae;g__Acutalibacter;s__	0.819738624674821
4fa92a2a53671efe07609c498ade0093	d__Bacteria;p__Bacillota;c__Clostridia;o__Christensenellales;f__Christensenellaceae;g__Incertae_Sedis;s__	0.7957490545475103
81d8bf5f800f7da13be5d9afa704b5f2	d__Bacteria;p__Bacillota;c__Clostridia;o__Oscillospirales;f__Ruminococcaceae;g__Incertae_Sedis;s__	0.9531160799831868
1b51357852b0b814b4d9918c6f0ab762	d__Bacteria;p__Bacillota;c__Bacilli;o__Lactobacillales;f__Streptococcaceae;g__Streptococcus;s__	0.9995646008673976
9f6df27469cea5117bbb8d6a236fb850	d__Bacteria;p__Bacteroidota;c__Bacteroidia;o__Bacteroidales;f__Rikenellaceae;g__Alistipes;s__	0.9999962477435727
442898b7218ddebdab03ac354906d87f	d__Bacteria;p__Bacillota;c__Clostridia;o__Lachnospirales;f__Lachnospiraceae	0.9999743034176866
9fd63c1902b23987a9afa2488e262358	d__Bacteria;p__Bacillota;c__Clostridia;o__Lachnospirales;f__Lachnospiraceae;g__Lachnospiraceae_NC2004_group;s__	0.7930496114847962
dec9f86d9bc4b7d65b2b67a102600fa8	d__Bacteria;p__Bacillota;c__Bacilli;o__Erysipelotrichales;f__Erysipelatoclostridiaceae;g__Thomasclavelia;s__	0.9999547870497657
757a1f88cda2f8947a850c10babcc8b3	d__Bacteria;p__Bacillota;c__Bacilli;o__Lactobacillales;f__Streptococcaceae;g__Streptococcus;s__	0.9998558892867159
d588f006ad5a812c7a54b2065eb47094	d__Bacteria;p__Bacillota;c__Clostridia;o__Oscillospirales;f__Oscillospiraceae;g__Oscillibacter;s__	0.9999819919521268
ba5a8b76a3d82ef6b0959efc8709b7a5	d__Bacteria;p__Bacillota;c__Clostridia;o__Oscillospirales;f__Ethanoligenenaceae;g__Acetanaerobacterium;s__	0.9989462750976826
cd647e10d49c5817b5d9092ed8654427	d__Bacteria;p__Bacillota;c__Clostridia;o__Oscillospirales;f__Ruminococcaceae	0.9999625667066379
5b387b16e81d5b005114662e00d6c044	d__Bacteria;p__Bacillota;c__Clostridia;o__Oscillospirales;f__Ruminococcaceae;g__Faecalibacterium;s__	0.9971361242519804
b6ed1fda48450bc73938e1aad922a581	d__Bacteria;p__Bacillota;c__Clostridia;o__Peptococcales;f__Peptococcaceae;g__Incertae_Sedis;s__	0.999991348663548
487fa348da5cfac6f4f8982534fb17df	d__Bacteria;p__Bacillota;c__Clostridia;o__Oscillospirales;f__Butyricicoccaceae;g__UCG-009;s__	0.9992981701503412
f60f0992da4303370e7e690a435415e7	d__Bacteria;p__Bacillota;c__Clostridia;o__Lachnospirales;f__Lachnospiraceae;g__Lachnospiraceae_UCG-004;s__	0.9734088073720624
23bc81a1620f0c44439ebbab28539c67	d__Bacteria;p__Bacteroidota;c__Bacteroidia;o__Bacteroidales;f__Bacteroidaceae;g__Bacteroides;s__	0.9939565042371749
45a2f0c795a08a003bbdaf013640fe63	d__Bacteria;p__Bacillota;c__Negativicutes;o__Veillonellales-Selenomonadales;f__Veillonellaceae;g__Veillonella;s__	0.9999999298810163
a2217cc8df6a4c209aee7f31a304c2b0	d__Bacteria;p__Bacillota;c__Clostridia;o__Oscillospirales;f__Oscillospiraceae;g__NK4A214_group;s__	0.9995496790959556
e75b8f37c44f4e0a1bf50fb3c6b45504	d__Bacteria;p__Bacillota;c__Bacilli;o__Staphylococcales;f__Gemellaceae;g__Gemella;s__	0.9983481164987894
9d999b2c123c3c028390347bad352dd1	d__Bacteria;p__Bacteroidota;c__Bacteroidia;o__Bacteroidales;f__Prevotellaceae;g__Prevotella;s__	0.9997735259810965
b1ef871be0f234c8b1b4c1e316bb9be1	d__Bacteria;p__Bacillota;c__Clostridia;o__Lachnospirales;f__Lachnospiraceae;g__GCA-900066575;s__	0.9150629539969235
08db725c86062263b374097f4db8bfb2	d__Bacteria;p__Bacillota;c__Clostridia;o__Lachnospirales;f__Lachnospiraceae;g__Coprococcus;s__	0.7581107186645691
e02f6061976fcf62d18c72727bc1b7a2	d__Bacteria;p__Bacillota;c__Clostridia;o__Lachnospirales;f__Lachnospiraceae;g__Lachnospiraceae_UCG-004;s__	0.7987833246023331
739271623fe747f3d2d3466a00d2bab9	d__Bacteria;p__Bacillota;c__Clostridia;o__Oscillospirales;f__UCG-011;g__Incertae_Sedis;s__	0.9476677387395558
40c224bbde3afb84430a840676a0115a	d__Bacteria;p__Bacillota;c__Clostridia;o__Lachnospirales;f__Defluviitaleaceae;g__Defluviitaleaceae_UCG-011;s__	0.9999949522192182
a1f4181dee4857eb9c37b1be03b3cbea	d__Bacteria;p__Bacillota;c__Clostridia;o__Christensenellales;f__Christensenellaceae;g__Christensenellaceae_R-7_group;s__	0.9025475374024817
83eb132b2511052bcc6e6a24a2a92293	d__Bacteria;p__Bacteroidota;c__Bacteroidia;o__Bacteroidales;f__Bacteroidaceae;g__Bacteroides;s__	0.979700453547445
f05e4f042801bd392ae60c7964a63891	d__Bacteria;p__Bacteroidota;c__Bacteroidia;o__Bacteroidales;f__Muribaculaceae;g__Incertae_Sedis;s__	0.9896047975903203
a01520ea3588cea2d8cab5c123e67c4c	d__Bacteria;p__Bacteroidota;c__Bacteroidia;o__Bacteroidales;f__Rikenellaceae;g__Rikenella;s__	0.9998847052575784
8c1beed5d3dafa3c0032d71dea2c1fb3	d__Bacteria;p__Bacteroidota;c__Bacteroidia;o__Bacteroidales;f__Bacteroidaceae;g__Bacteroides;s__	0.997604977792269
b8941d4f4b5468aca5300b56430b086a	d__Bacteria;p__Bacillota;c__Clostridia;o__Oscillospirales;f__Oscillospiraceae;g__UCG-002;s__	0.9755874489060479
c7647070dd52382cb6999ffdaec8d401	d__Bacteria;p__Bacillota;c__Clostridia;o__Oscillospirales;f__Ruminococcaceae;g__Ruminococcus;s__	0.9720019063315366
e63d76792ac4ff540fd989389de5cc65	d__Bacteria;p__Bacillota;c__Clostridia;o__Christensenellales;f__Christensenellaceae;g__Christensenella;s__	0.9999973639459865
ad2e0789bf2b3191c05acfe5b3d211ba	d__Bacteria;p__Bacillota;c__Bacilli;o__Erysipelotrichales;f__Erysipelotrichaceae;g__Holdemania;s__	0.9907559511987034
bbd8fd041e56a1809518b8adb27a0503	d__Bacteria;p__Bacillota;c__Bacilli;o__Lactobacillales;f__Streptococcaceae;g__Streptococcus;s__	0.999710089920223
b85f7f523f5e062dfdc81a5e8054c562	d__Bacteria;p__Bacillota;c__Clostridia;o__Peptostreptococcales-Tissierellales;f__Anaerovoracaceae;g__Family_XIII_AD3011_group;s__	0.9984425506525916
6ff1a4edfa61f58ae9949f2a65f1a015	d__Bacteria;p__Bacillota;c__Clostridia;o__Lachnospirales;f__Lachnospiraceae;g__Lachnospiraceae_UCG-010;s__	0.8561552688852941
afb78e9adad8efdbb0fa5ebce30b0ab9	d__Bacteria;p__Bacillota;c__Clostridia;o__Lachnospirales;f__Lachnospiraceae	0.998155223557525
805c0959b90cd47bb52d9f6571c5fb6a	d__Bacteria;p__Bacillota;c__Clostridia;o__Oscillospirales;f__Oscillospiraceae;g__Colidextribacter;s__	0.8094648166922349
7475e7b0b21efab4f40fa72c57ab6285	d__Bacteria;p__Bacillota;c__Clostridia;o__Clostridiales;f__Clostridiaceae;g__Clostridium;s__	0.9999695011069257
cfca33b5b260758dab6edc46a3b1c140	d__Bacteria;p__Bacteroidota;c__Bacteroidia;o__Bacteroidales;f__Bacteroidaceae;g__Bacteroides;s__	0.9999999673291035
88e07394cf5798d74356126fd05b9df4	d__Bacteria;p__Bacteroidota;c__Bacteroidia;o__Bacteroidales;f__Bacteroidaceae;g__Bacteroides;s__	0.9999999986523846
8ff96ba605834c94d07027f179db0f4e	d__Bacteria;p__Pseudomonadota;c__Gammaproteobacteria;o__Enterobacterales;f__Enterobacteriaceae;g__Escherichia-Shigella;s__	0.9574626647215294
e16474e805c63f76e589869b94ccdb04	d__Bacteria;p__Bacillota;c__Clostridia;o__Lachnospirales;f__Lachnospiraceae	0.8405932773880672
e5dff390912ae97a1cff59aaa69ee684	d__Bacteria;p__Bacillota;c__Clostridia;o__Lachnospirales;f__Lachnospiraceae;g__Anaerostipes;s__	0.9778732314273633
b0bbcd70825708087e3550005ca815df	d__Bacteria;p__Bacillota;c__Bacilli;o__Erysipelotrichales;f__Erysipelotrichaceae	0.998870392354238
ab3b150a2d5f44a74299ae108b0a66d4	d__Bacteria;p__Bacillota;c__Clostridia;o__Lachnospirales;f__Lachnospiraceae	0.9999678239657719
5abd1fb3fc8616f3c7ee69b9fa5fbf7d	d__Bacteria;p__Bacillota;c__Clostridia;o__Lachnospirales;f__Lachnospiraceae;g__Lachnospiraceae_UCG-004;s__	0.9901030452181956
9c03f18fe0406a9583a07acf98c2fbbf	d__Bacteria;p__Bacillota;c__Clostridia;o__Lachnospirales;f__Lachnospiraceae	0.9998959260583409
83da14a42ce6a92df904fa71e0f78214	d__Bacteria;p__Bacteroidota;c__Bacteroidia;o__Bacteroidales;f__Dysgonomonadaceae;g__Dysgonomonas;s__	0.9999999991823358
e9be011ec185ad6531aedbfebffc79cb	d__Bacteria;p__Bacillota;c__Clostridia;o__Monoglobales;f__Monoglobaceae;g__Monoglobus;s__	0.9990123707054254
7d2402f1612fe6c2f5c20bfda4a90aa0	d__Bacteria;p__Bacillota;c__Clostridia;o__Lachnospirales;f__Lachnospiraceae	0.9999563249885776
e6dc941e7025e3f5f1a1c7724ccfdc3c	d__Bacteria;p__Actinomycetota;c__Coriobacteriia;o__Coriobacteriales;f__Coriobacteriaceae;g__Collinsella;s__	0.9998870146198987
4cdc5b820b31c7b2c0720f917d9cd3f7	d__Bacteria;p__Bacillota;c__Clostridia;o__Christensenellales;f__Christensenellaceae;g__Christensenellaceae_R-7_group;s__	0.92903965095023
30a38013fc55f36784fbd7d9dfedb1ac	d__Bacteria;p__Bacillota;c__Clostridia;o__Oscillospirales;f__Oscillospiraceae;g__UCG-005;s__	0.7146257318108842
02d281720302259525b3c3688982957a	d__Bacteria;p__Bacillota;c__Clostridia;o__Lachnospirales;f__Lachnospiraceae;g__Lachnospiraceae_UCG-004;s__	0.9071418116107758
86d6652d176b8a1b84a9317fe515c7ef	d__Bacteria;p__Bacillota;c__Clostridia;o__Oscillospirales;f__Oscillospiraceae;g__Oscillibacter;s__	0.999636135765513
b57da9cc302a617ed4e7e2ad9e78c8a7	d__Bacteria;p__Bacillota;c__Bacilli;o__Erysipelotrichales;f__Erysipelotrichaceae;g__[Clostridium]_innocuum_group;s__	0.9973084881014586
e48ce90f2625cce75a6d5d671cadf8ea	d__Bacteria;p__Bacillota;c__Bacilli;o__Erysipelotrichales;f__Erysipelatoclostridiaceae;g__UCG-004;s__	0.9999989622269665
1ec70eb8e10e9f67b52c0c8d56e6b5c5	d__Bacteria;p__Bacillota;c__Clostridia;o__Lachnospirales;f__Lachnospiraceae	0.9999256447208918
cad9d95f90d717b5c16e83b0701e792f	d__Bacteria;p__Bacillota;c__Clostridia	0.9659239028722097
d419e113b399f44b90c064f27f96369a	d__Bacteria;p__Bacillota;c__Clostridia;o__Oscillospirales;f__Ruminococcaceae	0.7762002789973032
8d97c0d01bc123af5d2480558084c54b	d__Bacteria;p__Actinomycetota;c__Coriobacteriia;o__Coriobacteriales;f__Eggerthellaceae;g__Eggerthella;s__	0.9992188778116771
c462cb35a698e304b7abff7103450064	d__Bacteria;p__Bacteroidota;c__Bacteroidia;o__Bacteroidales;f__Dysgonomonadaceae;g__Dysgonomonas;s__	0.8709944299519499
c5324a56e6ec435db8aec6154121dcda	d__Bacteria;p__Bacillota;c__Bacilli;o__Lactobacillales;f__Lactobacillaceae;g__HT002;s__	0.870962515185834
4518b08935912fefb45ab97194281fc2	d__Bacteria;p__Thermodesulfobacteriota;c__Desulfovibrionia;o__Desulfovibrionales;f__Desulfovibrionaceae;g__Bilophila;s__	0.9893799281243696
67a5c29ddb5d1eeda2b8780bb4694235	d__Bacteria;p__Bacillota;c__Clostridia;o__Lachnospirales;f__Lachnospiraceae;g__Lachnoanaerobaculum;s__	0.9999992264109218
91a69a960e1ac7109bdf7defd09972ed	d__Bacteria;p__Pseudomonadota;c__Alphaproteobacteria;o__Hyphomicrobiales;f__Hyphomicrobiaceae;g__Hyphomicrobium;s__	0.8742786719589641
74aaeb93ba19830fa0e2cc55966371bd	d__Bacteria;p__Bacillota;c__Incertae_Sedis;o__DTU014;f__Incertae_Sedis;g__Incertae_Sedis;s__	0.9968080839979861
cec952716cab140580ea7b0538f579ee	d__Bacteria;p__Bacillota;c__Clostridia;o__Oscillospirales;f__[Eubacterium]_coprostanoligenes_group;g__Incertae_Sedis;s__	0.9520061218544901
b85347521e62900dcbb6fff169552e3c	d__Bacteria;p__Pseudomonadota;c__Gammaproteobacteria;o__Burkholderiales;f__Oxalobacteraceae;g__Massilia;s__	0.997387309486127
42f6a20dbeec89599c80a54c8955d9bb	d__Bacteria;p__Bacillota;c__Clostridia;o__Peptostreptococcales-Tissierellales;f__Family_XI;g__Anaerococcus;s__	0.9999999999996732
6da1cb9311ae211c52f296490170fac8	d__Bacteria;p__Bacillota;c__Clostridia;o__Peptostreptococcales-Tissierellales;f__Family_XI;g__Finegoldia;s__	0.9999993787088439
a551b2972ff0b5796729f6cdf8d22727	d__Bacteria;p__Bacillota;c__Clostridia;o__Oscillospirales;f__Ruminococcaceae;g__Ruminococcus;s__	0.9982221059772766
a59281c2e5b485694bad1587ee5e4e6a	d__Bacteria;p__Bacillota;c__Clostridia;o__Christensenellales;f__Christensenellaceae;g__Christensenellaceae_R-7_group;s__	0.8883568086690132
5934ddd9fed112037b61cb71545bb01f	d__Bacteria;p__Bacillota;c__Clostridia;o__Oscillospirales;f__Oscillospiraceae;g__Colidextribacter;s__	0.9409276430783928
810d24ee924214144b5ce85d1626f9cd	d__Bacteria;p__Bacteroidota;c__Bacteroidia;o__Sphingobacteriales;f__Sphingobacteriaceae;g__Sphingobacterium;s__	0.9999999862887422
b5ec12a35af60ff6c9f4cb9b8101471b	d__Bacteria;p__Bacillota;c__Bacilli;o__Staphylococcales;f__Staphylococcaceae;g__Staphylococcus;s__	0.9754598965473633
d9585e846a6108e5398c11c1e9751117	d__Bacteria;p__Bacillota;c__Clostridia;o__Oscillospirales;f__Ruminococcaceae;g__DTU089;s__	0.9999956036697033
b5e3593b2ddbda8bff670908a672b004	d__Bacteria;p__Bacillota;c__Clostridia;o__Peptostreptococcales-Tissierellales;f__Family_XI;g__Anaerococcus;s__	0.9999999999996874
62727dc7f1b9c5878de3da94b2977f05	d__Bacteria;p__Pseudomonadota;c__Alphaproteobacteria;o__Hyphomicrobiales;f__Rhizobiaceae;g__Brucella;s__	0.9800742852479019
462c3d574a8d640d6bb32634b00087e6	d__Bacteria;p__Bacillota;c__Clostridia;o__Clostridia_UCG-014;f__Incertae_Sedis;g__Incertae_Sedis;s__	0.9999999994783337
f093e2ab0c3daa76532d144ea56e282a	d__Bacteria;p__Bacteroidota;c__Bacteroidia;o__Bacteroidales;f__Prevotellaceae;g__Prevotella;s__	0.9999032946710524
000db46fcff4701589d112bc2a6044de	d__Bacteria;p__Bacillota;c__Clostridia;o__Christensenellales;f__Christensenellaceae;g__Christensenellaceae_R-7_group;s__	0.9834539183959614
0f2b0abd55d6e28397479fadf26b1e32	d__Bacteria;p__Bacillota;c__Clostridia;o__Peptostreptococcales-Tissierellales;f__Anaerovoracaceae;g__Incertae_Sedis;s__	0.96333158621174
7e1594eb18dc1a75d93a2fbb5c1bbeee	d__Bacteria;p__Bacillota;c__Clostridia;o__Lachnospirales;f__Lachnospiraceae	0.9996122088678497
8ce79b1cac48e36a56a9244c8c705c89	d__Bacteria;p__Bacillota;c__Clostridia;o__Lachnospirales;f__Lachnospiraceae	0.9997464780139914
5e90c534f26edbc5a696129a2c26d797	d__Bacteria;p__Bacillota;c__Clostridia;o__Lachnospirales;f__Lachnospiraceae;g__Anaerostipes;s__	0.9794687337664972
9e2b5b4b72a44b04a51b0f4e1b3f731c	d__Bacteria;p__Bacillota;c__Clostridia;o__Lachnospirales;f__Lachnospiraceae	0.9441399444869338
86177667a54be7603f8b8e4c98b02373	d__Bacteria;p__Bacillota;c__Clostridia;o__Oscillospirales;f__UCG-010;g__Incertae_Sedis;s__	0.9999997943606258
5814d82d021ce93ece11a22ebad7e9cf	d__Bacteria;p__Bacillota;c__Clostridia;o__Oscillospirales;f__Ruminococcaceae;g__DTU089;s__	0.9999621681901197
dd49078200e565a6d932a6a5221edce2	d__Bacteria;p__Bacillota;c__Bacilli;o__Erysipelotrichales;f__Erysipelotrichaceae;g__Solobacterium;s__	0.987606712309001
1cb1c7bd22a2185368fe630d4611e4bb	d__Bacteria;p__Bacillota;c__Clostridia;o__Lachnospirales;f__Lachnospiraceae	0.9999398261225699
9634b78177e1af1b5117d1ea3422976a	d__Bacteria;p__Bacillota;c__Clostridia;o__Lachnospirales;f__Lachnospiraceae;g__[Eubacterium]_oxidoreducens_group;s__	0.9272564478418696
00ef547b2bab171c91dc53868a14c1b8	d__Bacteria;p__Bacillota;c__Clostridia;o__Lachnospirales;f__Lachnospiraceae;g__Agathobacter;s__	0.7214384123033317
278d1d154947156e411e0adab04fc89e	d__Bacteria;p__Bacillota;c__Bacilli;o__Lactobacillales;f__Lactobacillaceae	0.9999999980907961
3971f12074ab43063f75c7cf8030f49d	d__Bacteria;p__Bacillota;c__Clostridia;o__Christensenellales;f__Christensenellaceae;g__Christensenellaceae_R-7_group;s__	0.9409638465935292
0ede181cba719902c5e1fa933644b97e	d__Bacteria;p__Bacillota;c__Bacilli;o__Lactobacillales;f__Lactobacillaceae;g__Leuconostoc;s__	0.9999999643810618
edef7acc181258ea376d24c874942635	d__Bacteria;p__Bacillota;c__Clostridia;o__Lachnospirales;f__Lachnospiraceae	0.945077642615936
9ef8069a044c54905b98dbec1db5fb5e	d__Bacteria;p__Verrucomicrobiota;c__Verrucomicrobiia;o__Verrucomicrobiales;f__Akkermansiaceae;g__Akkermansia;s__	0.9997731944666582
ebae13dd5cd55be6f118516557814a79	d__Bacteria;p__Bacillota;c__Clostridia;o__Lachnospirales;f__Lachnospiraceae;g__Lachnospiraceae_UCG-004;s__	0.7797355821921995
8c87203401ed62bc1289e1fb2b27996d	d__Bacteria;p__Bacillota;c__Clostridia;o__Lachnospirales;f__Lachnospiraceae	0.9993310398376835
6668dc0842a4bb869ddd414a0114fd18	d__Bacteria;p__Bacillota;c__Clostridia;o__Oscillospirales;f__Ruminococcaceae;g__Subdoligranulum;s__	0.8873256738921075
5c2dafde08dd98f90b429c66dbaef251	d__Bacteria;p__Bacillota;c__Clostridia;o__Peptostreptococcales-Tissierellales;f__Family_XI;g__Anaerococcus;s__	0.9999313233272911
b2db67b7874cb9e49f1095ed5d730889	d__Bacteria;p__Bacteroidota;c__Bacteroidia;o__Bacteroidales;f__Porphyromonadaceae;g__Porphyromonas;s__	0.999999629258736
e4fb0081d4b0d27e8f5f9c663cb660d5	d__Bacteria;p__Bacteroidota;c__Bacteroidia;o__Bacteroidales;f__Porphyromonadaceae;g__Porphyromonas;s__	0.9999999602885773
6afcaab7182e91892f541480e1eb8aed	d__Bacteria;p__Bacillota;c__Clostridia;o__Lachnospirales;f__Lachnospiraceae;g__Blautia;s__	0.8285343575594266
5bd2c3250a7a83cfe8ef91ff64ea42d3	d__Bacteria;p__Bacillota;c__Clostridia;o__Lachnospirales;f__Lachnospiraceae;g__Mediterraneibacter;s__	0.8782236276255178
924289171ffdce53e13c489bdfab0dfd	d__Bacteria;p__Bacillota;c__Clostridia;o__Lachnospirales;f__Lachnospiraceae	0.9996612942989545
27b9d956c283f99fce506206f5e0295a	d__Bacteria;p__Bacillota;c__Clostridia;o__Oscillospirales;f__Ruminococcaceae;g__Ruminococcus;s__	0.8076817214066011
a1bf2486bcb0d884ea5df8b93d16f29e	d__Bacteria;p__Bacillota;c__Clostridia	0.9999999393755372
94442aa8b9e03ffe8d08a05db559c1e1	d__Bacteria;p__Bacillota;c__Clostridia;o__Oscillospirales;f__Ruminococcaceae;g__Incertae_Sedis;s__	0.9975181037864393
675c847bccbc53942ebb7b8cbb4efc4d	d__Bacteria;p__Bacteroidota;c__Bacteroidia;o__Bacteroidales;f__Prevotellaceae;g__Segatella;s__	0.9999991629616666
936097848067469b112d31aeb9d4f205	d__Bacteria;p__Bacillota;c__Clostridia;o__Oscillospirales;f__Ruminococcaceae;g__Acutalibacter;s__	0.8892259471185713
f95e27d39d77388a492e2e689157b6ae	d__Bacteria;p__Bacillota;c__Clostridia;o__Lachnospirales;f__Lachnospiraceae	0.9094471339996861
0d131445e45c488122cab7e79127c580	d__Bacteria;p__Bacillota;c__Clostridia;o__Lachnospirales;f__Lachnospiraceae	0.998540574036163
e6198df4fff88b3e8c69e79af478381c	d__Bacteria;p__Bacillota;c__Clostridia;o__Peptostreptococcales-Tissierellales;f__Peptostreptococcaceae;g__Asaccharospora;s__	0.9274079250184477
09a122eff465374b38261c42a4de86a1	d__Bacteria;p__Bacillota;c__Bacilli;o__Lactobacillales;f__Lactobacillaceae;g__Lacticaseibacillus;s__	0.9690445335696068
18cda6ce7e2ea7ca0d8f1ad9924df7e9	d__Bacteria;p__Bacillota;c__Clostridia;o__Oscillospirales	0.999996785609264
aa1aa8e4c8c07e850b25be67d6050918	d__Bacteria	0.8785598875349109
1cac288dc3f547a1c55ea100cf8f6f7f	d__Bacteria;p__Bacillota;c__Clostridia;o__Lachnospirales;f__Lachnospiraceae	0.9864415383895093
ff7716fd9aefc6c28008ba588a50cfd3	d__Bacteria;p__Bacillota;c__Bacilli;o__Erysipelotrichales;f__Erysipelotrichaceae;g__Turicibacter;s__	0.999987550566121
28a073ca8f367d1d2cd5df1efce41976	d__Bacteria;p__Pseudomonadota;c__Gammaproteobacteria;o__Enterobacterales;f__Enterobacteriaceae	0.9525250708529018
b077f59ba1746ba7fe6cba953614e484	d__Bacteria;p__Bacillota;c__Clostridia;o__Lachnospirales;f__Lachnospiraceae	0.9967371164236445
c18e845d444dbce0e9139b17b6bdd843	d__Bacteria;p__Bacillota;c__Clostridia;o__Oscillospirales;f__Ruminococcaceae	0.9856732475229516
e0aa7482d83cacac11a2fcab594fc6ac	d__Bacteria;p__Actinomycetota;c__Actinobacteria;o__Bifidobacteriales;f__Bifidobacteriaceae	0.9987997999872751
79f5d741c6768b745663ea2f3b5b8f4d	d__Bacteria;p__Bacillota;c__Clostridia;o__Lachnospirales;f__Lachnospiraceae	0.8720556771834744
7fa009cf56f73915446f412289d9795f	d__Bacteria;p__Bacillota;c__Bacilli;o__Erysipelotrichales;f__Erysipelotrichaceae;g__Holdemania;s__	0.9999751182836008
0ec167e834b03187d5d25eca33f0ada1	d__Bacteria;p__Bacillota;c__Clostridia;o__Oscillospirales;f__Ruminococcaceae;g__Acutalibacter;s__	0.9999802880343293
010f40d8facafe841a8ea4fb3969b41f	d__Bacteria;p__Bacillota;c__Clostridia;o__Oscillospirales;f__Oscillospiraceae	0.8673667480255647
e35e7d4cf6b6c4837a7bf77ca88c05ca	d__Bacteria;p__Bacillota;c__Clostridia;o__Oscillospirales;f__UCG-010;g__Incertae_Sedis;s__	0.9999992496790328
eb63a9488834c9628fc2eaa2d6c807e3	d__Bacteria	0.9999999998866308
0e55d8b215b7d6a4f67997b9adcbb579	d__Bacteria;p__Bacillota;c__Bacilli;o__Erysipelotrichales;f__Erysipelatoclostridiaceae;g__Coprobacillus;s__	0.999265293110101
c393beca71edd50b603b0dffb7a3eeab	d__Bacteria;p__Bacillota;c__Clostridia;o__Lachnospirales;f__Lachnospiraceae;g__Lachnospiraceae_UCG-004;s__	0.808867986513202
22da9ec4eb093495a4970e629daab612	d__Bacteria;p__Bacteroidota;c__Bacteroidia;o__Bacteroidales;f__Tannerellaceae;g__Parabacteroides;s__	0.9951828704484024
0df618641a1b105391cf520fac59213e	d__Bacteria;p__Bacteroidota;c__Bacteroidia;o__Bacteroidales;f__Bacteroidaceae;g__Bacteroides;s__	0.9999911500068314
caf3a1b0df45e7f01d8d7a617531b1b7	d__Bacteria;p__Bacillota;c__Bacilli;o__Erysipelotrichales;f__Erysipelatoclostridiaceae;g__Thomasclavelia;s__	0.9999994525828632
63e859fa7857dc862e3191bb5648842f	d__Bacteria;p__Bacillota;c__Clostridia;o__Eubacteriales;f__Anaerofustaceae;g__Anaerofustis;s__	0.9999999985632257
4532a5e76c2ada2b18bfb59d2cce3f94	d__Bacteria;p__Bacillota;c__Clostridia;o__Lachnospirales;f__Lachnospiraceae;g__Eisenbergiella;s__	0.9422390851436454
ca8e2d4f5ea925a307920fa8620710f0	d__Bacteria;p__Bacillota;c__Clostridia;o__Lachnospirales;f__Lachnospiraceae;g__GCA-900066755;s__	0.9983946307363354
6884b0b6169c0707a095dcddfc6dd80f	d__Bacteria;p__Bacillota;c__Clostridia;o__Clostridiales;f__Clostridiaceae;g__Clostridium;s__	0.9997004445108244
99daceb0f002b672f9b8f3c32b7dc957	d__Bacteria;p__Bacillota;c__Clostridia;o__Oscillospirales;f__Ruminococcaceae;g__Faecalibacterium;s__	0.9967850766695301
4905579667d546e62f0266530b07289f	d__Bacteria;p__Bacillota;c__Bacilli;o__Erysipelotrichales;f__Erysipelatoclostridiaceae;g__Thomasclavelia;s__	0.9974072438236046
cea0f78855a0627d314bfa434a951ea3	d__Bacteria;p__Bacillota;c__Clostridia	0.9999968650663852
c03dc7c2f68ebf7cd673feeaf9f3dd8e	d__Bacteria;p__Bacillota;c__Clostridia;o__Eubacteriales;f__Eubacteriaceae;g__Eubacterium;s__	0.9999873855321617
d32af81ea087f97f1a6f1a6743141e1b	d__Bacteria;p__Bacillota;c__Bacilli;o__Lactobacillales;f__Lactobacillaceae;g__Lacticaseibacillus;s__	0.8063271807935198
93705f3409f70271875b08a4ad17e54d	d__Bacteria;p__Bacillota;c__Bacilli;o__Erysipelotrichales;f__Erysipelatoclostridiaceae;g__Thomasclavelia;s__	0.9997159330907242
8b1d9f7a1becf2c7d681ad7f25382268	d__Bacteria;p__Bacillota;c__Bacilli;o__Lactobacillales;f__Streptococcaceae;g__Streptococcus;s__	0.9983309675162721
19da890972569b6859c360e9b4c8751e	d__Bacteria;p__Bacteroidota;c__Bacteroidia;o__Bacteroidales;f__Porphyromonadaceae;g__Porphyromonas;s__	0.9999996742613992
d1a87e2f82f3a3da30974cc1f245aca6	d__Bacteria;p__Bacteroidota;c__Bacteroidia;o__Bacteroidales;f__Bacteroidaceae;g__Bacteroides;s__	0.9999999965508835
882c1eef2d23150515e33137a1d7cd2f	d__Bacteria;p__Bacillota;c__Clostridia;o__Lachnospirales;f__Lachnospiraceae;g__Lachnospiraceae_UCG-004;s__	0.8952509059145999
0fd672291b9b2013b63d4b3ab74a11a2	d__Bacteria;p__Cyanobacteriota;c__Vampirivibrionia;o__Gastranaerophilales;f__Gastranaerophilaceae;g__Zag_111;s__	0.999897546303034
0ef1911b7e45ed58a9e0d095d3163406	d__Bacteria;p__Actinomycetota;c__Coriobacteriia;o__Coriobacteriales;f__Eggerthellaceae;g__Gordonibacter;s__	0.8542733281459083
21585500acfa29b504e5b2963d19176b	d__Bacteria;p__Bacillota;c__Clostridia;o__Lachnospirales;f__Lachnospiraceae;g__Lachnospiraceae_UCG-004;s__	0.741008088601309
1e6215d1ec92b7b56cd3223f724ddc03	d__Bacteria;p__Pseudomonadota;c__Alphaproteobacteria;o__Rickettsiales;f__Mitochondria;g__Incertae_Sedis;s__	1.0
7d02f99e2ea00512b055a4e70f84c18b	d__Bacteria;p__Bacteroidota;c__Bacteroidia;o__Bacteroidales;f__Marinifilaceae;g__Odoribacter;s__	0.9999999999909477
f4801b7a68515d9005fa572ee6afdf41	d__Bacteria;p__Pseudomonadota;c__Gammaproteobacteria;o__Burkholderiales;f__Burkholderiaceae;g__Ralstonia;s__	0.9824129353956185
155314210baf746d5b98452a8bb15765	d__Bacteria;p__Bacillota;c__Clostridia;o__Lachnospirales;f__Defluviitaleaceae;g__Defluviitaleaceae_UCG-011;s__	0.7807205309564434
ff48ea2b9d30c737b53aeb9841179d57	d__Bacteria;p__Bacillota;c__Clostridia;o__Peptostreptococcales-Tissierellales;f__Family_XI;g__Parvimonas;s__	0.9999999490650437
2de690394a354e55c3226fc9208dd1de	d__Bacteria;p__Bacillota;c__Clostridia;o__Lachnospirales;f__Lachnospiraceae	0.9998734614422384
5ccbeda75b35a2302789a37694bda369	d__Bacteria;p__Pseudomonadota;c__Gammaproteobacteria;o__Burkholderiales;f__Sutterellaceae;g__Parasutterella;s__	0.8492030724039418
9cb767d71c3f79f926a75033746a740d	d__Bacteria;p__Bacillota;c__Bacilli;o__Lactobacillales;f__Lactobacillaceae;g__HT002;s__	0.861091582232431
da6c5e64957348af422c0b1c0dc30499	d__Bacteria;p__Bacteroidota;c__Bacteroidia;o__Bacteroidales;f__Dysgonomonadaceae;g__Dysgonomonas;s__	0.9999999970805789
fae6d0c5cd2a53341a4ec984541b1541	d__Bacteria;p__Fusobacteriota;c__Fusobacteriia;o__Fusobacteriales;f__Fusobacteriaceae;g__Fusobacterium;s__	0.9999999999970157
df272bbee40d5e2c05cb6af63f1d2019	d__Bacteria;p__Bacteroidota;c__Bacteroidia;o__Bacteroidales;f__Rikenellaceae;g__Alistipes;s__	0.9779929896255831
42cdb2d291d68eb99fca96ede3dae060	d__Bacteria;p__Bacillota;c__Clostridia;o__Eubacteriales;f__Anaerofustaceae;g__Anaerofustis;s__	0.9999999989804991
2a8aea91e4fcf825e2983d6f8e66436d	d__Bacteria;p__Bacillota;c__Clostridia;o__Oscillospirales;f__Oscillospiraceae;g__Papillibacter;s__	0.9894926144176766
0339dfa3bf047a50cc10444b68341447	d__Bacteria;p__Bacillota;c__Clostridia;o__Lachnospirales;f__Lachnospiraceae;g__Lachnospiraceae_UCG-004;s__	0.8809419075843433
e1e2e066aee55642806bf8dd0b1004db	d__Bacteria;p__Bacteroidota;c__Bacteroidia;o__Bacteroidales;f__Bacteroidaceae;g__Bacteroides;s__	0.9240964901919066
c1e0c13f202304fbadc9c278fcf38ca8	d__Bacteria;p__Bacillota;c__Clostridia;o__Lachnospirales;f__Lachnospiraceae;g__Blautia;s__	0.9498571738310728
fcea56e6000b9b44acc030d9ec3152e1	d__Bacteria;p__Bacillota;c__Clostridia;o__Eubacteriales;f__Anaerofustaceae;g__Anaerofustis;s__	0.999921343960965
2fb96ff9a11cd831515586fe1d3eded7	d__Bacteria;p__Bacillota;c__Bacilli;o__Lactobacillales;f__Streptococcaceae;g__Streptococcus;s__	0.9415812041693451
8f8ff8009eb606b59b707de95a57cd2a	d__Bacteria;p__Bacillota;c__Clostridia;o__Christensenellales;f__Christensenellaceae;g__Christensenellaceae_R-7_group;s__	0.9599941088581928
4876553b9fed8291dbf1c63b0ac0886a	d__Bacteria;p__Bacillota;c__Clostridia;o__Clostridia_vadinBB60_group;f__Incertae_Sedis;g__Incertae_Sedis;s__	0.9999999845555722
edab3e2d5ee0875247130ad9d9d3f066	d__Bacteria;p__Bacillota;c__Clostridia;o__Lachnospirales;f__Lachnospiraceae	0.9996805895022468
50ed6c1d467fb11bf87c29ea7777efb8	d__Bacteria;p__Bacillota;c__Clostridia;o__Oscillospirales;f__Ruminococcaceae	0.8349169183471171
1c53d9d51f937be1e4a65253b926c13e	d__Bacteria;p__Bacillota;c__Bacilli;o__Lactobacillales;f__Lactobacillaceae;g__Lacticaseibacillus;s__	0.9749048669383217
3e39412a1659abcdd051146bc685ec5e	d__Bacteria;p__Bacillota;c__Clostridia	0.9995633645924333
fb9e91e8268352b35e0e139613520755	d__Bacteria;p__Bacillota;c__Clostridia;o__Oscillospirales;f__Ruminococcaceae	0.9999509343614937
6bff3180d2e37bec5a4edbad38b9f9ca	d__Bacteria;p__Pseudomonadota;c__Gammaproteobacteria;o__Enterobacterales;f__Enterobacteriaceae;g__Phytobacter;s__	0.8655304678763792
3e29c5eeb57298fed3b2ca9eafd544b5	d__Bacteria;p__Bacillota;c__Clostridia;o__Oscillospirales;f__Ruminococcaceae;g__Paludicola;s__	0.7515758373621487
b13bbbe3e56631156b16a2ce272e2ce4	d__Bacteria;p__Bacillota;c__Clostridia;o__Oscillospirales	0.9736158173665144
3f49f2e33639f81618c76b5807f6498c	d__Bacteria;p__Bacillota;c__Clostridia;o__Oscillospirales;f__[Eubacterium]_coprostanoligenes_group;g__Incertae_Sedis;s__	0.9999979182502937
9da454896d214f4aebbe5917dbcb6a83	d__Bacteria;p__Bacillota;c__Clostridia;o__Monoglobales;f__Monoglobaceae;g__Monoglobus;s__	0.8927428939038431
5a2f74cddf19d898cfbcc4c86111e43e	d__Bacteria;p__Bacteroidota;c__Bacteroidia;o__Bacteroidales;f__Bacteroidaceae;g__Bacteroides;s__	0.9982135050270065
320646b00aa077b31219f515a1a9f475	d__Bacteria;p__Pseudomonadota;c__Alphaproteobacteria;o__Rickettsiales;f__Mitochondria;g__Incertae_Sedis;s__	1.0
08db8fec074e8f87166e4f18d27496d5	d__Bacteria;p__Bacillota;c__Clostridia;o__Peptostreptococcales-Tissierellales;f__Peptostreptococcaceae;g__Asaccharospora;s__	0.8881906197147933
ed8a666ee70a0ebbb3fc2be6922ec729	d__Bacteria;p__Bacteroidota;c__Bacteroidia;o__Bacteroidales;f__Porphyromonadaceae;g__Porphyromonas;s__	0.9999830566686785
207979f7d6869fa2c16d4c7177c4f465	d__Bacteria;p__Bacillota;c__Clostridia;o__Clostridiales;f__Clostridiaceae;g__Clostridium;s__	0.9998084544080883
f75ec649874f11998edb217f6aac2b7b	d__Bacteria;p__Bacillota;c__Clostridia;o__Oscillospirales;f__Ruminococcaceae	0.9965584623391719
60d6c12f9c88afacd6879bac3ec0186a	d__Bacteria;p__Bacillota;c__Clostridia;o__Lachnospirales;f__Lachnospiraceae;g__Lachnospiraceae_UCG-008;s__	0.9572791777322465
1981fa1a119ac274fdd62229cdea23ac	d__Bacteria;p__Bacillota;c__Bacilli;o__Lactobacillales;f__Lactobacillaceae;g__Leuconostoc;s__	0.9999999749305178
6525b436af069ab384195855561587ab	d__Bacteria;p__Bacillota;c__Clostridia;o__Lachnospirales;f__Lachnospiraceae;g__Lachnospiraceae_UCG-004;s__	0.7837488734737651
a6cf7a81eaaa12a9f8b03a8d02b97700	d__Bacteria;p__Bacillota;c__Clostridia;o__Christensenellales;f__Christensenellaceae;g__Incertae_Sedis;s__	0.9999363983066586
12b7f9c75d5ebcfde402d503db078e05	d__Bacteria;p__Bacteroidota;c__Bacteroidia;o__Bacteroidales;f__Bacteroidaceae;g__Bacteroides;s__	0.9770245133155405
f73282196b4ee0d7c566943008e0f10c	d__Bacteria	0.999999999999515
7fea87c380cdf2c7227e3e9781a3e740	d__Bacteria;p__Bacteroidota;c__Bacteroidia;o__Bacteroidales;f__Marinifilaceae;g__Butyricimonas;s__	0.9999993972405545
9f93db82dc13b078cddf4fe8b0e6a410	d__Bacteria;p__Bacillota;c__Clostridia;o__Oscillospirales;f__Ruminococcaceae;g__Incertae_Sedis;s__	0.8922305072653344
a878e7d7f49ee589fad3be0c33e62415	d__Bacteria;p__Bacillota;c__Clostridia;o__Lachnospirales;f__Defluviitaleaceae;g__Defluviitaleaceae_UCG-011;s__	0.9955060557152149
e7d136450e3901ff64eaf16a62dcd793	d__Bacteria;p__Bacillota;c__Clostridia;o__Lachnospirales;f__Lachnospiraceae	0.9999300240726743
9f608598c1f9704f4afcacb60aa0777d	d__Bacteria;p__Bacillota;c__Clostridia;o__Oscillospirales;f__Oscillospiraceae;g__UCG-005;s__	0.7977934948479777
fa3de2c8dbe067027247b08575c0970c	d__Bacteria;p__Bacillota;c__Clostridia;o__Oscillospirales;f__Ruminococcaceae	0.9997788099957458
c6811797edbc5838ff8e27a5abab0e61	d__Bacteria;p__Bacillota;c__Clostridia;o__Oscillospirales;f__Oscillospiraceae;g__Oscillibacter;s__	0.7343755423857086
12eb495ce3a25bdbf948530ce9082b5f	d__Bacteria;p__Bacillota;c__Clostridia;o__Lachnospirales;f__Lachnospiraceae;g__Lachnospiraceae_UCG-004;s__	0.9849175674551611
f37fc1dccfeba0004cbeb4f1ad6083c6	d__Bacteria;p__Pseudomonadota;c__Gammaproteobacteria;o__Burkholderiales;f__Oxalobacteraceae;g__Duganella;s__	0.9917035674535319
de3bab4516442b2228bd286fff590b53	d__Bacteria;p__Bacillota;c__Clostridia;o__Oscillospirales;f__Ruminococcaceae;g__Acutalibacter;s__	0.9829641202899048
158d89fdfc99349c36c6171f50f21ec6	d__Bacteria;p__Bacillota;c__Clostridia;o__Oscillospirales;f__Ruminococcaceae;g__[Eubacterium]_siraeum_group;s__	0.9908954717061116
335df9bb3c66b6094ddbbf7d2385eada	d__Bacteria;p__Bacillota;c__Clostridia;o__Lachnospirales;f__Lachnospiraceae	0.9999080850118902
cc33cd7445ec8a047c86657c5660f535	d__Bacteria;p__Bacillota;c__Clostridia;o__Lachnospirales;f__Lachnospiraceae;g__Lachnospiraceae_UCG-004;s__	0.8642687358791172
6940e35a3b88db2cbab3bbf056f3c728	d__Bacteria;p__Bacillota;c__Clostridia;o__Lachnospirales;f__Lachnospiraceae;g__Lachnospiraceae_UCG-004;s__	0.9460407666415462
cef0739bb72e0af0b86d2cf7a37eadd7	d__Bacteria;p__Bacillota;c__Clostridia;o__Peptostreptococcales-Tissierellales;f__Peptostreptococcaceae	0.9987365665908726
fa525eb669a3e77e1d81fbfb25a6efa5	d__Bacteria;p__Bacillota;c__Clostridia;o__Lachnospirales;f__Lachnospiraceae;g__Dorea;s__	0.9769359831681517
137a268801faf6ae5a19fb7e68662230	d__Bacteria;p__Bacillota;c__Clostridia;o__Oscillospirales;f__Oscillospiraceae;g__Colidextribacter;s__	0.9715002878455826
624ef8970a450bbd3b2457b6d84b2dc3	d__Bacteria;p__Bacillota;c__Clostridia;o__Oscillospirales;f__Ruminococcaceae;g__Anaerotruncus;s__	0.9876175423537576
676ddb8b438dccad16867d8623cdd67b	d__Bacteria;p__Bacillota;c__Bacilli;o__Staphylococcales;f__Staphylococcaceae;g__Nosocomiicoccus;s__	0.8936159378828311
f22873063e1085611ce3bd2a11d56494	d__Bacteria;p__Bacillota;c__Clostridia;o__Oscillospirales;f__Oscillospiraceae;g__Colidextribacter;s__	0.8244854900169134
4ebcf74b2783b601ceaf1ca7a994420a	d__Bacteria;p__Bacillota;c__Clostridia;o__Clostridiales;f__Clostridiaceae;g__Clostridium;s__	0.8413730571478071
eb059be7fb33b33dcc9a186ef167c86b	d__Bacteria;p__Actinomycetota;c__Actinobacteria;o__Micrococcales;f__Micrococcaceae;g__Rothia;s__	0.9999990990888613
d6a6b01ee1880ddd5c4758b0fe9d3ce2	d__Bacteria;p__Bacillota;c__Negativicutes;o__Veillonellales-Selenomonadales	0.9999999757223109
4c478eac271dfaa45e1101d6a66257b6	d__Bacteria;p__Bacteroidota;c__Bacteroidia;o__Bacteroidales;f__Bacteroidaceae;g__Bacteroides;s__	0.99316460704289
9419ea5aca20e7558640dfdf7f434837	d__Bacteria;p__Bacteroidota;c__Bacteroidia;o__Bacteroidales;f__Prevotellaceae;g__Hoylesella;s__	0.9999974276737733
5d8f935f85b1cf40a7faeb927a4d5792	d__Bacteria;p__Bacillota;c__Clostridia	0.9998464656558969
22eb42d15a1e1581f61c82829356cc4f	d__Bacteria;p__Bacillota;c__Clostridia;o__Oscillospirales;f__Ethanoligenenaceae;g__Acetanaerobacterium;s__	0.7656088527520104
ff376ce6067337dd934fdebe0a3cf2eb	d__Bacteria;p__Bacillota;c__Clostridia;o__Oscillospirales;f__Ethanoligenenaceae;g__Acetanaerobacterium;s__	0.9998944803835466
a68630cb36b7defbcf6a5703e0107606	d__Bacteria;p__Bacillota;c__Bacilli;o__Erysipelotrichales;f__Erysipelotrichaceae;g__Turicibacter;s__	0.999999916592916
7131fc017adbd6497d662def0e963d54	d__Bacteria;p__Bacillota;c__Clostridia;o__Clostridia_vadinBB60_group;f__Incertae_Sedis;g__Incertae_Sedis;s__	0.9999999596218182
cc9218769e5b98a23e0e449b6606bf26	d__Bacteria;p__Pseudomonadota;c__Gammaproteobacteria;o__Cardiobacteriales;f__Cardiobacteriaceae;g__Cardiobacterium;s__	0.9999999225519248
256423b68b52062026cc6ae1db0a9037	d__Bacteria;p__Bacillota;c__Clostridia;o__Lachnospirales;f__Lachnospiraceae;g__Anaerotignum;s__	0.8405941150624651
162549f766b84208eb754fd6613b65f6	d__Bacteria;p__Pseudomonadota;c__Gammaproteobacteria;o__Pseudomonadales;f__Pseudomonadaceae;g__Pseudomonas;s__	0.9929323408488178
0cd76e317e0cfe7bd3e21d8900b72c48	d__Bacteria;p__Bacillota;c__Clostridia;o__Oscillospirales;f__Ruminococcaceae;g__Incertae_Sedis;s__	0.8994797381285458
ad1171e25c458f68ef7a3b40b45dc9e5	d__Bacteria;p__Bacteroidota;c__Bacteroidia;o__Bacteroidales;f__Porphyromonadaceae;g__Porphyromonas;s__	0.9999993776010374
def5b6d8524e4fc6941620c712f1074d	d__Bacteria;p__Bacteroidota;c__Bacteroidia;o__Bacteroidales;f__Prevotellaceae;g__Hoylesella;s__	0.9999999467862907
99f1e45e55d86165e99016b0ddb4084c	d__Bacteria;p__Bacillota;c__Bacilli;o__Lactobacillales;f__Lactobacillaceae;g__Leuconostoc;s__	0.9999999994567048
6a9ccdc1b28ea41ac47338dc4e496335	d__Bacteria;p__Bacillota;c__Bacilli;o__Erysipelotrichales;f__Erysipelotrichaceae;g__Absiella;s__	0.8373598774077979
3de74c2ff890fa6454312ccbb1b68f84	d__Bacteria;p__Bacillota;c__Clostridia	0.9999999622345185
b8ded5de3ecf4bfb01613a126a844140	d__Bacteria;p__Bacillota;c__Bacilli;o__Lactobacillales;f__Streptococcaceae;g__Streptococcus;s__	0.9999777416328445
c9d8638d71109aeb0d90cc9ea1d4d473	d__Bacteria;p__Bacillota;c__Clostridia;o__Oscillospirales;f__[Eubacterium]_coprostanoligenes_group;g__Incertae_Sedis;s__	0.9983140448361661
63c46a7842f6be79de6db393afd5f328	d__Bacteria;p__Bacillota;c__Clostridia;o__Lachnospirales;f__Lachnospiraceae;g__Incertae_Sedis;s__	0.7962644974544196
5872011d32052501fb7236eb1061ce48	d__Bacteria;p__Bacillota;c__Clostridia;o__Oscillospirales;f__Ruminococcaceae	0.8919041656838929
78f1224136a594084b29c27221ef08b9	d__Bacteria;p__Actinomycetota;c__Coriobacteriia;o__Coriobacteriales;f__Atopobiaceae;g__Lancefieldella;s__	0.9995316741268099
3956872562164f03af985d0c887fe4bb	d__Bacteria;p__Bacillota;c__Clostridia;o__Lachnospirales;f__Lachnospiraceae;g__Lachnospiraceae_UCG-004;s__	0.8961044616438851
5805f87a41c45374a4c8cc58473ecd79	d__Bacteria;p__Bacteroidota;c__Bacteroidia;o__Bacteroidales;f__Bacteroidaceae;g__Bacteroides;s__	0.9986705997404911
b44aff2995f396f00ad579d8e6684335	d__Bacteria;p__Bacteroidota;c__Bacteroidia;o__Bacteroidales;f__Muribaculaceae;g__Incertae_Sedis;s__	0.9999963556284441
0be02ed34ff30c9901158ba494375a7c	d__Bacteria;p__Actinomycetota;c__Actinobacteria;o__Micrococcales;f__Micrococcaceae	0.9999800420850533
3eeff6d632354649df499baedbc2648c	d__Bacteria;p__Bacillota;c__Clostridia;o__Lachnospirales;f__Lachnospiraceae;g__Lachnospiraceae_UCG-004;s__	0.9898330459647224
